date,plant-stand,precip,temp,hail,crop-hist,area-damaged,severity,seed-tmt,germination,plant-growth,leaves,leafspots-halo,leafspots-marg,leafspot-size,leaf-shread,leaf-malf,leaf-mild,stem,lodging,stem-cankers,canker-lesion,fruiting-bodies,external-decay,mycelium,int-discolor,sclerotia,fruit-pods,fruit-spots,seed,mold-growth,seed-discolor,seed-size,shriveling,roots,target
6.0,2.0,1.0,3.0,2.0,4.0,1.0,2.0,2.0,1.0,1.0,0,1.0,1.0,1.0,1.0,1.0,1.0,1.0,1.0,1.0,1.0,2.0,2.0,1.0,3.0,1.0,4.0,4.0,2.0,1.0,1.0,2.0,1.0,2.0,10
2.0,2.0,1.0,3.0,2.0,3.0,2.0,3.0,1.0,0.0,1.0,0,1.0,1.0,1.0,1.0,1.0,1.0,1.0,2.0,1.0,1.0,2.0,2.0,1.0,3.0,1.0,4.0,4.0,2.0,1.0,1.0,2.0,1.0,2.0,10
3.0,2.0,1.0,3.0,2.0,4.0,2.0,3.0,1.0,3.0,1.0,0,1.0,1.0,1.0,1.0,1.0,1.0,1.0,2.0,1.0,3.0,2.0,2.0,1.0,3.0,1.0,4.0,4.0,2.0,1.0,1.0,2.0,1.0,2.0,10
3.0,2.0,1.0,3.0,2.0,4.0,2.0,3.0,2.0,0.0,1.0,0,1.0,1.0,1.0,1.0,1.0,1.0,1.0,2.0,1.0,3.0,2.0,2.0,1.0,3.0,1.0,4.0,4.0,2.0,1.0,1.0,2.0,1.0,2.0,10
6.0,2.0,1.0,3.0,2.0,3.0,2.0,2.0,2.0,3.0,1.0,0,1.0,1.0,1.0,1.0,1.0,1.0,1.0,2.0,1.0,1.0,2.0,2.0,1.0,3.0,1.0,4.0,4.0,2.0,1.0,1.0,2.0,1.0,2.0,10
7.0,2.0,1.0,3.0,2.0,2.0,2.0,2.0,2.0,0.0,1.0,0,1.0,1.0,1.0,1.0,1.0,1.0,1.0,2.0,1.0,3.0,2.0,2.0,1.0,3.0,1.0,4.0,4.0,2.0,1.0,1.0,2.0,1.0,2.0,10
7.0,2.0,1.0,3.0,2.0,3.0,2.0,2.0,1.0,1.0,1.0,0,1.0,1.0,1.0,1.0,1.0,1.0,1.0,1.0,1.0,1.0,2.0,2.0,1.0,3.0,1.0,4.0,4.0,2.0,1.0,1.0,2.0,1.0,2.0,10
2.0,2.0,1.0,3.0,1.0,4.0,2.0,2.0,2.0,3.0,1.0,0,1.0,1.0,1.0,1.0,1.0,1.0,1.0,2.0,1.0,1.0,2.0,2.0,1.0,3.0,1.0,4.0,4.0,2.0,1.0,1.0,2.0,1.0,2.0,10
6.0,2.0,1.0,3.0,2.0,2.0,2.0,2.0,1.0,0.0,1.0,0,1.0,1.0,1.0,1.0,1.0,1.0,1.0,2.0,1.0,1.0,2.0,2.0,1.0,3.0,1.0,4.0,4.0,2.0,1.0,1.0,2.0,1.0,2.0,10
2.0,2.0,1.0,3.0,2.0,3.0,2.0,3.0,2.0,3.0,1.0,0,1.0,1.0,1.0,1.0,1.0,1.0,1.0,2.0,1.0,1.0,2.0,2.0,1.0,3.0,1.0,4.0,4.0,2.0,1.0,1.0,2.0,1.0,2.0,10
6.0,2.0,2.0,1.0,2.0,4.0,4.0,2.0,1.0,1.0,1.0,0,1.0,1.0,1.0,1.0,1.0,1.0,1.0,2.0,3.0,4.0,1.0,1.0,1.0,1.0,2.0,4.0,4.0,2.0,1.0,1.0,2.0,1.0,2.0,7
2.0,2.0,2.0,3.0,1.0,4.0,4.0,2.0,1.0,0.0,1.0,0,1.0,1.0,1.0,1.0,1.0,1.0,1.0,1.0,3.0,4.0,1.0,1.0,1.0,1.0,2.0,4.0,4.0,2.0,1.0,1.0,2.0,1.0,2.0,7
3.0,2.0,2.0,3.0,2.0,4.0,3.0,2.0,2.0,1.0,1.0,0,1.0,1.0,1.0,1.0,1.0,1.0,1.0,2.0,3.0,4.0,1.0,1.0,1.0,1.0,2.0,4.0,4.0,2.0,1.0,1.0,2.0,1.0,2.0,7
6.0,2.0,2.0,3.0,1.0,2.0,4.0,2.0,1.0,1.0,1.0,0,1.0,1.0,1.0,1.0,1.0,1.0,1.0,2.0,3.0,4.0,1.0,1.0,1.0,1.0,2.0,4.0,4.0,2.0,1.0,1.0,2.0,1.0,2.0,7
6.0,2.0,2.0,1.0,2.0,4.0,4.0,2.0,1.0,0.0,1.0,0,1.0,1.0,1.0,1.0,1.0,1.0,1.0,2.0,3.0,4.0,1.0,1.0,1.0,1.0,2.0,4.0,4.0,2.0,1.0,1.0,2.0,1.0,2.0,7
7.0,2.0,2.0,1.0,1.0,2.0,4.0,2.0,1.0,3.0,1.0,0,1.0,1.0,1.0,1.0,1.0,1.0,1.0,2.0,3.0,4.0,1.0,1.0,1.0,1.0,2.0,4.0,4.0,2.0,1.0,1.0,2.0,1.0,2.0,7
6.0,2.0,2.0,1.0,1.0,1.0,3.0,2.0,2.0,1.0,1.0,0,1.0,1.0,1.0,1.0,1.0,1.0,1.0,1.0,3.0,4.0,1.0,1.0,1.0,1.0,2.0,4.0,4.0,2.0,1.0,1.0,2.0,1.0,2.0,7
2.0,2.0,2.0,3.0,2.0,3.0,3.0,2.0,2.0,0.0,1.0,0,1.0,1.0,1.0,1.0,1.0,1.0,1.0,2.0,3.0,4.0,1.0,1.0,1.0,1.0,2.0,4.0,4.0,2.0,1.0,1.0,2.0,1.0,2.0,7
3.0,2.0,2.0,1.0,2.0,3.0,3.0,2.0,2.0,3.0,1.0,0,1.0,1.0,1.0,1.0,1.0,1.0,1.0,2.0,3.0,4.0,1.0,1.0,1.0,1.0,2.0,4.0,4.0,2.0,1.0,1.0,2.0,1.0,2.0,7
7.0,2.0,2.0,1.0,1.0,3.0,3.0,2.0,2.0,3.0,1.0,0,1.0,1.0,1.0,1.0,1.0,1.0,1.0,2.0,3.0,4.0,1.0,1.0,1.0,1.0,2.0,4.0,4.0,2.0,1.0,1.0,2.0,1.0,2.0,7
5.0,1.0,1.0,2.0,2.0,3.0,1.0,3.0,2.0,3.0,1.0,1,1.0,1.0,1.0,1.0,1.0,1.0,1.0,2.0,4.0,1.0,1.0,2.0,2.0,3.0,1.0,2.0,4.0,2.0,1.0,1.0,2.0,1.0,2.0,18
5.0,1.0,1.0,2.0,2.0,4.0,1.0,3.0,2.0,0.0,1.0,1,1.0,1.0,1.0,1.0,1.0,1.0,1.0,2.0,4.0,1.0,1.0,2.0,1.0,3.0,1.0,2.0,4.0,2.0,1.0,1.0,2.0,1.0,2.0,18
3.0,2.0,1.0,2.0,1.0,2.0,1.0,3.0,2.0,0.0,1.0,1,1.0,1.0,1.0,1.0,1.0,1.0,1.0,1.0,4.0,1.0,1.0,2.0,2.0,3.0,1.0,2.0,4.0,2.0,1.0,1.0,2.0,1.0,2.0,18
1.0,1.0,1.0,2.0,2.0,1.0,1.0,2.0,1.0,3.0,1.0,1,1.0,1.0,1.0,1.0,1.0,1.0,1.0,2.0,4.0,1.0,1.0,2.0,1.0,3.0,1.0,2.0,4.0,2.0,1.0,1.0,2.0,1.0,2.0,18
1.0,1.0,1.0,2.0,2.0,4.0,1.0,3.0,1.0,3.0,1.0,1,1.0,1.0,1.0,1.0,1.0,1.0,1.0,2.0,4.0,1.0,1.0,2.0,1.0,3.0,1.0,2.0,4.0,2.0,1.0,1.0,2.0,1.0,2.0,18
5.0,1.0,1.0,2.0,2.0,2.0,1.0,3.0,2.0,3.0,1.0,1,1.0,1.0,1.0,1.0,1.0,1.0,1.0,2.0,4.0,1.0,1.0,2.0,1.0,3.0,1.0,2.0,4.0,2.0,1.0,1.0,2.0,1.0,2.0,18
5.0,1.0,1.0,2.0,2.0,1.0,1.0,2.0,2.0,0.0,1.0,1,1.0,1.0,1.0,1.0,1.0,1.0,1.0,2.0,4.0,1.0,1.0,2.0,1.0,3.0,1.0,2.0,4.0,2.0,1.0,1.0,2.0,1.0,2.0,18
4.0,1.0,1.0,2.0,2.0,3.0,1.0,2.0,2.0,0.0,1.0,1,1.0,1.0,1.0,1.0,1.0,1.0,1.0,2.0,4.0,1.0,1.0,2.0,1.0,3.0,1.0,2.0,4.0,2.0,1.0,1.0,2.0,1.0,2.0,18
5.0,1.0,1.0,2.0,2.0,4.0,1.0,3.0,2.0,3.0,1.0,1,1.0,1.0,1.0,1.0,1.0,1.0,1.0,2.0,4.0,1.0,1.0,2.0,1.0,3.0,1.0,2.0,4.0,2.0,1.0,1.0,2.0,1.0,2.0,18
4.0,1.0,1.0,2.0,2.0,4.0,1.0,3.0,2.0,3.0,1.0,1,1.0,1.0,1.0,1.0,1.0,1.0,1.0,2.0,4.0,1.0,1.0,2.0,1.0,3.0,1.0,2.0,4.0,2.0,1.0,1.0,2.0,1.0,2.0,18
1.0,1.0,1.0,3.0,1.0,4.0,1.0,2.0,2.0,1.0,1.0,0,1.0,1.0,1.0,1.0,1.0,1.0,1.0,2.0,4.0,2.0,1.0,2.0,1.0,3.0,1.0,2.0,4.0,2.0,1.0,1.0,2.0,1.0,2.0,15
5.0,1.0,1.0,3.0,0.0,2.0,1.0,0.0,0.0,2.0,1.0,0,1.0,1.0,1.0,1.0,1.0,1.0,1.0,0.0,2.0,2.0,0.0,1.0,1.0,3.0,1.0,0.0,0.0,0.0,0.0,0.0,0.0,0.0,3.0,15
4.0,1.0,1.0,1.0,0.0,3.0,1.0,0.0,0.0,2.0,1.0,0,0.0,0.0,0.0,0.0,0.0,0.0,1.0,0.0,1.0,2.0,0.0,1.0,1.0,3.0,1.0,0.0,0.0,0.0,0.0,0.0,0.0,0.0,3.0,15
5.0,1.0,1.0,2.0,2.0,3.0,1.0,3.0,1.0,0.0,1.0,0,1.0,1.0,1.0,1.0,1.0,1.0,1.0,2.0,2.0,2.0,1.0,1.0,1.0,3.0,1.0,2.0,4.0,2.0,1.0,1.0,2.0,1.0,2.0,15
4.0,1.0,1.0,1.0,0.0,3.0,1.0,0.0,0.0,2.0,1.0,0,0.0,0.0,0.0,0.0,0.0,0.0,1.0,0.0,2.0,2.0,0.0,1.0,1.0,3.0,1.0,0.0,0.0,0.0,0.0,0.0,0.0,0.0,3.0,15
3.0,1.0,1.0,3.0,0.0,3.0,1.0,0.0,0.0,2.0,1.0,0,0.0,0.0,0.0,0.0,0.0,0.0,1.0,0.0,1.0,2.0,0.0,1.0,1.0,3.0,1.0,0.0,0.0,0.0,0.0,0.0,0.0,0.0,3.0,15
1.0,1.0,3.0,3.0,2.0,4.0,1.0,2.0,2.0,1.0,1.0,0,1.0,1.0,1.0,1.0,1.0,1.0,1.0,2.0,4.0,2.0,1.0,1.0,1.0,3.0,1.0,2.0,4.0,2.0,1.0,1.0,2.0,1.0,2.0,15
3.0,1.0,1.0,2.0,2.0,3.0,1.0,3.0,1.0,0.0,1.0,0,1.0,1.0,1.0,1.0,1.0,1.0,1.0,2.0,2.0,2.0,1.0,1.0,1.0,3.0,1.0,2.0,4.0,2.0,1.0,1.0,2.0,1.0,2.0,15
4.0,1.0,3.0,3.0,0.0,1.0,1.0,0.0,0.0,2.0,1.0,0,1.0,1.0,1.0,1.0,1.0,1.0,1.0,0.0,2.0,2.0,0.0,1.0,1.0,3.0,1.0,0.0,0.0,0.0,0.0,0.0,0.0,0.0,3.0,15
4.0,1.0,1.0,2.0,2.0,4.0,1.0,3.0,2.0,0.0,1.0,0,1.0,1.0,1.0,1.0,1.0,1.0,1.0,2.0,4.0,2.0,1.0,1.0,1.0,3.0,1.0,2.0,4.0,2.0,1.0,1.0,2.0,1.0,2.0,15
4.0,1.0,1.0,3.0,0.0,4.0,1.0,0.0,0.0,2.0,1.0,0,1.0,1.0,1.0,1.0,1.0,1.0,1.0,0.0,2.0,2.0,0.0,1.0,1.0,3.0,1.0,0.0,0.0,0.0,0.0,0.0,0.0,0.0,3.0,15
5.0,1.0,1.0,3.0,0.0,4.0,1.0,0.0,0.0,2.0,1.0,0,0.0,0.0,0.0,0.0,0.0,0.0,1.0,0.0,4.0,2.0,0.0,1.0,1.0,3.0,1.0,0.0,0.0,0.0,0.0,0.0,0.0,0.0,3.0,15
1.0,1.0,1.0,3.0,2.0,2.0,1.0,2.0,2.0,1.0,1.0,0,1.0,1.0,1.0,1.0,1.0,1.0,1.0,2.0,4.0,2.0,1.0,1.0,1.0,3.0,1.0,2.0,4.0,2.0,1.0,1.0,2.0,1.0,2.0,15
1.0,1.0,3.0,3.0,1.0,3.0,1.0,3.0,1.0,1.0,1.0,0,1.0,1.0,1.0,1.0,1.0,1.0,1.0,1.0,2.0,2.0,1.0,2.0,1.0,3.0,1.0,2.0,4.0,2.0,1.0,1.0,2.0,1.0,2.0,15
3.0,1.0,1.0,2.0,2.0,4.0,1.0,3.0,1.0,1.0,1.0,0,1.0,1.0,1.0,1.0,1.0,1.0,1.0,2.0,2.0,2.0,1.0,1.0,1.0,3.0,1.0,2.0,4.0,2.0,1.0,1.0,2.0,1.0,2.0,15
4.0,1.0,1.0,1.0,0.0,2.0,1.0,0.0,0.0,2.0,1.0,0,0.0,0.0,0.0,0.0,0.0,0.0,1.0,0.0,1.0,2.0,0.0,1.0,1.0,3.0,1.0,0.0,0.0,0.0,0.0,0.0,0.0,0.0,3.0,15
1.0,1.0,1.0,3.0,2.0,3.0,1.0,2.0,2.0,0.0,1.0,0,1.0,1.0,1.0,1.0,1.0,1.0,1.0,2.0,4.0,2.0,1.0,1.0,1.0,3.0,1.0,2.0,4.0,2.0,1.0,1.0,2.0,1.0,2.0,15
4.0,1.0,3.0,1.0,0.0,3.0,1.0,0.0,0.0,2.0,1.0,0,1.0,1.0,1.0,1.0,1.0,1.0,1.0,0.0,2.0,2.0,0.0,1.0,1.0,3.0,1.0,0.0,0.0,0.0,0.0,0.0,0.0,0.0,3.0,15
4.0,1.0,1.0,3.0,1.0,4.0,1.0,3.0,2.0,3.0,1.0,0,1.0,1.0,1.0,1.0,1.0,1.0,1.0,2.0,4.0,2.0,1.0,2.0,1.0,3.0,1.0,2.0,4.0,2.0,1.0,1.0,2.0,1.0,2.0,15
1.0,1.0,1.0,3.0,2.0,2.0,1.0,2.0,2.0,3.0,1.0,0,1.0,1.0,1.0,1.0,1.0,1.0,1.0,2.0,4.0,2.0,1.0,1.0,1.0,3.0,1.0,2.0,4.0,2.0,1.0,1.0,2.0,1.0,2.0,15
5.0,1.0,1.0,3.0,2.0,1.0,1.0,3.0,1.0,0.0,1.0,0,1.0,1.0,1.0,1.0,1.0,1.0,1.0,2.0,2.0,2.0,1.0,1.0,1.0,3.0,1.0,2.0,4.0,2.0,1.0,1.0,2.0,1.0,2.0,15
5.0,1.0,1.0,3.0,0.0,1.0,1.0,0.0,0.0,2.0,1.0,0,1.0,1.0,1.0,1.0,1.0,1.0,1.0,0.0,4.0,2.0,0.0,1.0,1.0,3.0,1.0,0.0,0.0,0.0,0.0,0.0,0.0,0.0,3.0,15
3.0,1.0,1.0,3.0,0.0,4.0,1.0,0.0,0.0,2.0,1.0,0,0.0,0.0,0.0,0.0,0.0,0.0,1.0,0.0,1.0,2.0,0.0,1.0,1.0,3.0,1.0,0.0,0.0,0.0,0.0,0.0,0.0,0.0,3.0,15
4.0,1.0,1.0,3.0,0.0,4.0,1.0,0.0,0.0,2.0,1.0,0,1.0,1.0,1.0,1.0,1.0,1.0,1.0,0.0,1.0,2.0,0.0,1.0,1.0,3.0,1.0,0.0,0.0,0.0,0.0,0.0,0.0,0.0,3.0,15
3.0,1.0,1.0,1.0,0.0,3.0,1.0,0.0,0.0,2.0,1.0,0,0.0,0.0,0.0,0.0,0.0,0.0,1.0,0.0,2.0,2.0,0.0,1.0,1.0,3.0,1.0,0.0,0.0,0.0,0.0,0.0,0.0,0.0,3.0,15
5.0,1.0,1.0,3.0,1.0,2.0,1.0,3.0,2.0,0.0,1.0,0,1.0,1.0,1.0,1.0,1.0,1.0,1.0,1.0,4.0,2.0,1.0,2.0,1.0,3.0,1.0,2.0,4.0,2.0,1.0,1.0,2.0,1.0,2.0,15
3.0,1.0,3.0,3.0,0.0,2.0,1.0,0.0,0.0,2.0,1.0,0,1.0,1.0,1.0,1.0,1.0,1.0,1.0,0.0,2.0,2.0,0.0,1.0,1.0,3.0,1.0,0.0,0.0,0.0,0.0,0.0,0.0,0.0,3.0,15
4.0,1.0,1.0,1.0,0.0,4.0,1.0,0.0,0.0,2.0,1.0,0,0.0,0.0,0.0,0.0,0.0,0.0,1.0,0.0,2.0,2.0,0.0,1.0,1.0,3.0,1.0,0.0,0.0,0.0,0.0,0.0,0.0,0.0,3.0,15
3.0,1.0,3.0,1.0,0.0,3.0,1.0,0.0,0.0,2.0,1.0,0,1.0,1.0,1.0,1.0,1.0,1.0,1.0,0.0,2.0,2.0,0.0,1.0,1.0,3.0,1.0,0.0,0.0,0.0,0.0,0.0,0.0,0.0,3.0,15
5.0,1.0,1.0,1.0,0.0,4.0,1.0,0.0,0.0,2.0,1.0,0,0.0,0.0,0.0,0.0,0.0,0.0,1.0,0.0,4.0,2.0,0.0,1.0,1.0,3.0,1.0,0.0,0.0,0.0,0.0,0.0,0.0,0.0,3.0,15
4.0,1.0,1.0,1.0,0.0,2.0,1.0,0.0,0.0,2.0,1.0,0,1.0,1.0,1.0,1.0,1.0,1.0,1.0,0.0,2.0,2.0,0.0,1.0,1.0,3.0,1.0,0.0,0.0,0.0,0.0,0.0,0.0,0.0,3.0,15
3.0,1.0,3.0,3.0,0.0,1.0,1.0,0.0,0.0,2.0,1.0,0,1.0,1.0,1.0,1.0,1.0,1.0,1.0,0.0,1.0,2.0,0.0,1.0,1.0,3.0,1.0,0.0,0.0,0.0,0.0,0.0,0.0,0.0,3.0,15
4.0,1.0,1.0,2.0,2.0,4.0,1.0,3.0,2.0,1.0,1.0,0,1.0,1.0,1.0,1.0,1.0,1.0,1.0,2.0,4.0,2.0,1.0,1.0,1.0,3.0,1.0,2.0,4.0,2.0,1.0,1.0,2.0,1.0,2.0,15
3.0,1.0,3.0,3.0,0.0,4.0,1.0,0.0,0.0,2.0,1.0,0,1.0,1.0,1.0,1.0,1.0,1.0,1.0,0.0,1.0,2.0,0.0,1.0,1.0,3.0,1.0,0.0,0.0,0.0,0.0,0.0,0.0,0.0,3.0,15
4.0,1.0,1.0,1.0,0.0,4.0,1.0,0.0,0.0,2.0,1.0,0,0.0,0.0,0.0,0.0,0.0,0.0,1.0,0.0,4.0,2.0,0.0,1.0,1.0,3.0,1.0,0.0,0.0,0.0,0.0,0.0,0.0,0.0,3.0,15
5.0,1.0,1.0,2.0,2.0,1.0,1.0,3.0,1.0,1.0,1.0,0,1.0,1.0,1.0,1.0,1.0,1.0,1.0,2.0,2.0,2.0,1.0,1.0,1.0,3.0,1.0,2.0,4.0,2.0,1.0,1.0,2.0,1.0,2.0,15
3.0,1.0,1.0,3.0,0.0,3.0,1.0,0.0,0.0,2.0,1.0,0,0.0,0.0,0.0,0.0,0.0,0.0,1.0,0.0,2.0,2.0,0.0,1.0,1.0,3.0,1.0,0.0,0.0,0.0,0.0,0.0,0.0,0.0,3.0,15
3.0,1.0,1.0,3.0,0.0,2.0,1.0,0.0,0.0,2.0,1.0,0,0.0,0.0,0.0,0.0,0.0,0.0,1.0,0.0,1.0,2.0,0.0,1.0,1.0,3.0,1.0,0.0,0.0,0.0,0.0,0.0,0.0,0.0,3.0,15
3.0,1.0,3.0,2.0,2.0,3.0,1.0,3.0,1.0,3.0,1.0,0,1.0,1.0,1.0,1.0,1.0,1.0,1.0,2.0,2.0,2.0,1.0,1.0,1.0,3.0,1.0,2.0,4.0,2.0,1.0,1.0,2.0,1.0,2.0,15
3.0,1.0,1.0,1.0,0.0,3.0,1.0,0.0,0.0,2.0,1.0,0,0.0,0.0,0.0,0.0,0.0,0.0,1.0,0.0,1.0,2.0,0.0,1.0,1.0,3.0,1.0,0.0,0.0,0.0,0.0,0.0,0.0,0.0,3.0,15
2.0,2.0,2.0,3.0,2.0,4.0,4.0,2.0,1.0,3.0,2.0,0,1.0,1.0,1.0,1.0,1.0,1.0,1.0,2.0,3.0,3.0,1.0,1.0,1.0,2.0,1.0,4.0,1.0,2.0,1.0,1.0,2.0,1.0,2.0,6
2.0,2.0,2.0,3.0,2.0,4.0,4.0,2.0,1.0,3.0,2.0,0,1.0,1.0,1.0,1.0,1.0,1.0,1.0,2.0,3.0,3.0,1.0,1.0,1.0,2.0,1.0,4.0,1.0,2.0,1.0,1.0,2.0,1.0,2.0,6
3.0,1.0,2.0,2.0,2.0,2.0,2.0,2.0,1.0,3.0,1.0,1,1.0,1.0,1.0,1.0,1.0,1.0,1.0,2.0,3.0,4.0,1.0,1.0,1.0,2.0,1.0,4.0,4.0,2.0,1.0,1.0,2.0,1.0,2.0,6
7.0,2.0,2.0,1.0,2.0,4.0,4.0,2.0,1.0,3.0,2.0,0,1.0,1.0,1.0,1.0,1.0,1.0,1.0,2.0,3.0,3.0,1.0,1.0,1.0,2.0,1.0,4.0,1.0,2.0,1.0,1.0,2.0,1.0,2.0,6
7.0,2.0,2.0,1.0,2.0,3.0,4.0,2.0,1.0,0.0,2.0,0,1.0,1.0,1.0,1.0,1.0,1.0,1.0,2.0,3.0,3.0,1.0,1.0,1.0,2.0,1.0,4.0,1.0,2.0,1.0,1.0,2.0,1.0,2.0,6
2.0,2.0,2.0,3.0,2.0,2.0,3.0,2.0,2.0,0.0,2.0,0,1.0,1.0,1.0,1.0,1.0,1.0,1.0,2.0,3.0,3.0,1.0,1.0,1.0,2.0,1.0,4.0,1.0,2.0,1.0,1.0,2.0,1.0,2.0,6
7.0,2.0,2.0,3.0,1.0,2.0,4.0,2.0,2.0,3.0,1.0,0,2.0,3.0,2.0,1.0,1.0,1.0,1.0,1.0,3.0,4.0,1.0,1.0,1.0,2.0,1.0,4.0,4.0,2.0,1.0,1.0,2.0,1.0,2.0,6
6.0,2.0,3.0,3.0,1.0,3.0,2.0,2.0,1.0,1.0,1.0,1,1.0,1.0,2.0,1.0,1.0,1.0,1.0,1.0,3.0,4.0,1.0,1.0,1.0,2.0,1.0,4.0,4.0,2.0,1.0,1.0,2.0,1.0,2.0,6
7.0,1.0,2.0,2.0,2.0,2.0,3.0,2.0,2.0,1.0,1.0,0,1.0,1.0,1.0,1.0,1.0,1.0,1.0,1.0,3.0,4.0,1.0,1.0,1.0,2.0,1.0,4.0,4.0,2.0,1.0,1.0,2.0,1.0,2.0,6
7.0,1.0,2.0,3.0,2.0,4.0,4.0,2.0,1.0,1.0,1.0,0,2.0,3.0,2.0,1.0,1.0,1.0,1.0,1.0,3.0,4.0,1.0,1.0,1.0,2.0,1.0,4.0,4.0,2.0,1.0,1.0,2.0,1.0,2.0,6
2.0,2.0,3.0,2.0,1.0,3.0,4.0,2.0,1.0,3.0,1.0,1,1.0,1.0,1.0,1.0,1.0,1.0,1.0,1.0,3.0,4.0,1.0,1.0,1.0,2.0,1.0,4.0,4.0,2.0,1.0,1.0,2.0,1.0,2.0,6
2.0,1.0,2.0,2.0,2.0,2.0,3.0,2.0,1.0,0.0,1.0,0,2.0,3.0,2.0,1.0,1.0,1.0,1.0,1.0,3.0,4.0,1.0,1.0,1.0,2.0,1.0,4.0,4.0,2.0,1.0,1.0,2.0,1.0,2.0,6
2.0,2.0,2.0,3.0,2.0,3.0,2.0,2.0,1.0,1.0,2.0,0,1.0,1.0,1.0,1.0,1.0,1.0,1.0,2.0,3.0,3.0,1.0,1.0,1.0,2.0,1.0,4.0,1.0,2.0,1.0,1.0,2.0,1.0,2.0,6
3.0,1.0,2.0,2.0,2.0,3.0,2.0,3.0,2.0,0.0,1.0,0,2.0,3.0,2.0,1.0,1.0,1.0,1.0,2.0,3.0,4.0,1.0,1.0,1.0,2.0,1.0,4.0,4.0,2.0,1.0,1.0,2.0,1.0,2.0,6
7.0,2.0,2.0,3.0,2.0,2.0,3.0,2.0,2.0,0.0,2.0,0,1.0,1.0,1.0,1.0,1.0,1.0,1.0,2.0,3.0,3.0,1.0,1.0,1.0,2.0,1.0,4.0,1.0,2.0,1.0,1.0,2.0,1.0,2.0,6
2.0,2.0,2.0,3.0,2.0,2.0,4.0,2.0,1.0,1.0,2.0,0,1.0,1.0,1.0,1.0,1.0,1.0,1.0,2.0,3.0,3.0,1.0,1.0,1.0,2.0,1.0,4.0,1.0,2.0,1.0,1.0,2.0,1.0,2.0,6
2.0,2.0,2.0,3.0,2.0,2.0,3.0,2.0,2.0,3.0,2.0,0,1.0,1.0,1.0,1.0,1.0,1.0,1.0,2.0,3.0,3.0,1.0,1.0,1.0,2.0,1.0,4.0,1.0,2.0,1.0,1.0,2.0,1.0,2.0,6
2.0,2.0,2.0,3.0,2.0,4.0,3.0,2.0,1.0,3.0,2.0,0,1.0,1.0,1.0,1.0,1.0,1.0,1.0,2.0,3.0,3.0,1.0,1.0,1.0,2.0,1.0,4.0,1.0,2.0,1.0,1.0,2.0,1.0,2.0,6
2.0,2.0,2.0,3.0,2.0,4.0,3.0,2.0,2.0,1.0,2.0,0,1.0,1.0,1.0,1.0,1.0,1.0,1.0,2.0,3.0,3.0,1.0,1.0,1.0,2.0,1.0,4.0,1.0,2.0,1.0,1.0,2.0,1.0,2.0,6
3.0,2.0,2.0,3.0,2.0,2.0,3.0,2.0,2.0,1.0,2.0,0,1.0,1.0,1.0,1.0,1.0,1.0,1.0,2.0,3.0,3.0,1.0,1.0,1.0,2.0,1.0,4.0,1.0,2.0,1.0,1.0,2.0,1.0,2.0,6
7.0,2.0,2.0,3.0,1.0,2.0,4.0,2.0,2.0,0.0,2.0,0,1.0,1.0,1.0,1.0,1.0,3.0,2.0,2.0,3.0,3.0,1.0,1.0,1.0,3.0,1.0,4.0,1.0,2.0,1.0,1.0,2.0,1.0,2.0,16
6.0,2.0,3.0,2.0,1.0,1.0,2.0,1.0,1.0,3.0,2.0,0,1.0,1.0,1.0,1.0,1.0,3.0,2.0,2.0,3.0,3.0,1.0,1.0,1.0,3.0,1.0,4.0,1.0,2.0,1.0,1.0,2.0,1.0,2.0,16
5.0,1.0,2.0,3.0,2.0,2.0,4.0,2.0,3.0,1.0,2.0,0,1.0,1.0,1.0,1.0,1.0,3.0,2.0,2.0,3.0,3.0,1.0,1.0,1.0,3.0,1.0,4.0,1.0,2.0,1.0,1.0,2.0,1.0,2.0,16
6.0,1.0,3.0,2.0,2.0,3.0,3.0,1.0,1.0,3.0,2.0,0,1.0,1.0,1.0,1.0,1.0,3.0,2.0,2.0,3.0,3.0,1.0,1.0,1.0,3.0,1.0,4.0,1.0,2.0,1.0,1.0,2.0,1.0,2.0,16
2.0,1.0,3.0,2.0,2.0,3.0,3.0,1.0,3.0,1.0,2.0,0,1.0,1.0,1.0,1.0,1.0,3.0,2.0,2.0,3.0,3.0,1.0,1.0,1.0,3.0,1.0,4.0,1.0,2.0,1.0,1.0,2.0,1.0,2.0,16
6.0,2.0,2.0,3.0,1.0,4.0,1.0,2.0,2.0,3.0,2.0,0,1.0,1.0,1.0,1.0,1.0,3.0,2.0,2.0,3.0,3.0,1.0,1.0,1.0,3.0,1.0,4.0,1.0,2.0,1.0,1.0,2.0,1.0,2.0,16
4.0,1.0,3.0,2.0,2.0,3.0,3.0,1.0,2.0,0.0,2.0,0,1.0,1.0,1.0,1.0,1.0,3.0,2.0,2.0,3.0,3.0,1.0,1.0,1.0,3.0,1.0,4.0,1.0,2.0,1.0,1.0,2.0,1.0,2.0,16
6.0,1.0,2.0,3.0,2.0,4.0,1.0,2.0,1.0,3.0,2.0,0,1.0,1.0,1.0,1.0,1.0,3.0,2.0,2.0,3.0,3.0,1.0,1.0,1.0,3.0,1.0,4.0,1.0,2.0,1.0,1.0,2.0,1.0,2.0,16
7.0,1.0,2.0,3.0,2.0,4.0,1.0,2.0,2.0,0.0,2.0,0,1.0,1.0,1.0,1.0,1.0,3.0,2.0,2.0,3.0,3.0,1.0,1.0,1.0,3.0,1.0,4.0,1.0,2.0,1.0,1.0,2.0,1.0,2.0,16
5.0,1.0,2.0,3.0,2.0,4.0,1.0,2.0,3.0,1.0,2.0,0,1.0,1.0,1.0,1.0,1.0,3.0,2.0,2.0,3.0,3.0,1.0,1.0,1.0,3.0,1.0,4.0,1.0,2.0,1.0,1.0,2.0,1.0,2.0,16
6.0,2.0,1.0,2.0,1.0,3.0,1.0,1.0,1.0,3.0,2.0,0,2.0,3.0,2.0,1.0,2.0,2.0,2.0,2.0,3.0,3.0,1.0,1.0,1.0,3.0,1.0,4.0,1.0,1.0,2.0,1.0,2.0,1.0,2.0,11
4.0,2.0,1.0,3.0,1.0,4.0,1.0,2.0,1.0,3.0,2.0,0,2.0,3.0,2.0,1.0,2.0,2.0,2.0,2.0,3.0,3.0,1.0,1.0,1.0,3.0,1.0,4.0,1.0,1.0,2.0,1.0,2.0,1.0,2.0,11
5.0,2.0,1.0,3.0,1.0,2.0,3.0,2.0,2.0,0.0,2.0,0,3.0,3.0,2.0,1.0,1.0,2.0,2.0,2.0,3.0,3.0,1.0,1.0,1.0,3.0,1.0,4.0,1.0,1.0,2.0,1.0,2.0,1.0,2.0,11
2.0,1.0,1.0,1.0,2.0,3.0,3.0,2.0,2.0,0.0,2.0,0,3.0,3.0,2.0,1.0,2.0,2.0,2.0,2.0,3.0,3.0,1.0,1.0,1.0,3.0,1.0,4.0,1.0,1.0,2.0,1.0,2.0,1.0,2.0,11
5.0,2.0,1.0,2.0,1.0,1.0,2.0,2.0,2.0,0.0,2.0,0,3.0,3.0,2.0,1.0,1.0,2.0,2.0,2.0,3.0,3.0,1.0,1.0,1.0,3.0,1.0,4.0,1.0,1.0,2.0,1.0,2.0,1.0,2.0,11
4.0,1.0,1.0,2.0,2.0,2.0,2.0,2.0,2.0,0.0,2.0,0,3.0,3.0,2.0,1.0,1.0,2.0,2.0,2.0,3.0,3.0,1.0,1.0,1.0,3.0,1.0,4.0,1.0,1.0,2.0,1.0,2.0,1.0,2.0,11
4.0,1.0,1.0,3.0,2.0,3.0,2.0,2.0,2.0,0.0,2.0,0,2.0,3.0,2.0,1.0,1.0,2.0,2.0,2.0,3.0,3.0,1.0,1.0,1.0,3.0,1.0,4.0,1.0,1.0,2.0,1.0,2.0,1.0,2.0,11
2.0,1.0,1.0,1.0,2.0,3.0,1.0,1.0,1.0,3.0,2.0,0,3.0,3.0,2.0,1.0,1.0,2.0,2.0,2.0,3.0,3.0,1.0,1.0,1.0,3.0,1.0,4.0,1.0,1.0,2.0,1.0,2.0,1.0,2.0,11
2.0,1.0,1.0,2.0,2.0,4.0,3.0,2.0,2.0,0.0,2.0,0,2.0,3.0,2.0,1.0,1.0,2.0,2.0,2.0,3.0,3.0,1.0,1.0,1.0,3.0,1.0,4.0,1.0,1.0,2.0,1.0,2.0,1.0,2.0,11
7.0,1.0,1.0,3.0,2.0,2.0,3.0,2.0,2.0,0.0,2.0,0,3.0,3.0,2.0,1.0,1.0,2.0,2.0,2.0,3.0,3.0,1.0,1.0,1.0,3.0,1.0,4.0,1.0,1.0,2.0,1.0,2.0,1.0,2.0,11
5.0,1.0,1.0,1.0,1.0,2.0,4.0,2.0,2.0,3.0,1.0,0,2.0,3.0,2.0,1.0,1.0,1.0,2.0,2.0,3.0,3.0,1.0,1.0,1.0,3.0,1.0,4.0,1.0,2.0,1.0,1.0,2.0,1.0,2.0,5
4.0,2.0,1.0,3.0,2.0,3.0,4.0,2.0,1.0,0.0,2.0,0,2.0,3.0,2.0,1.0,1.0,1.0,2.0,2.0,3.0,3.0,1.0,1.0,1.0,3.0,1.0,4.0,1.0,2.0,1.0,1.0,2.0,1.0,2.0,5
4.0,2.0,1.0,3.0,2.0,3.0,4.0,2.0,1.0,1.0,2.0,0,2.0,3.0,2.0,2.0,1.0,1.0,2.0,2.0,3.0,3.0,1.0,1.0,1.0,3.0,1.0,4.0,1.0,2.0,1.0,1.0,2.0,1.0,2.0,5
4.0,2.0,1.0,3.0,2.0,4.0,2.0,2.0,3.0,1.0,2.0,0,2.0,3.0,2.0,2.0,1.0,1.0,2.0,2.0,3.0,3.0,1.0,1.0,1.0,3.0,1.0,4.0,1.0,2.0,1.0,1.0,2.0,1.0,2.0,5
5.0,1.0,1.0,1.0,1.0,2.0,4.0,2.0,1.0,0.0,1.0,0,2.0,3.0,2.0,1.0,1.0,1.0,2.0,2.0,3.0,3.0,1.0,1.0,1.0,3.0,1.0,4.0,1.0,2.0,1.0,1.0,2.0,1.0,2.0,5
5.0,1.0,1.0,3.0,2.0,3.0,4.0,2.0,2.0,3.0,2.0,0,2.0,3.0,2.0,2.0,1.0,1.0,2.0,2.0,3.0,3.0,1.0,1.0,1.0,3.0,1.0,4.0,1.0,2.0,1.0,1.0,2.0,1.0,2.0,5
1.0,1.0,1.0,1.0,1.0,2.0,4.0,2.0,3.0,0.0,2.0,0,2.0,3.0,2.0,1.0,1.0,1.0,2.0,2.0,3.0,3.0,1.0,1.0,1.0,3.0,1.0,4.0,1.0,2.0,1.0,1.0,2.0,1.0,2.0,5
4.0,2.0,1.0,3.0,2.0,3.0,4.0,2.0,2.0,1.0,2.0,0,2.0,3.0,2.0,2.0,1.0,1.0,2.0,2.0,3.0,3.0,1.0,1.0,1.0,3.0,1.0,4.0,1.0,2.0,1.0,1.0,2.0,1.0,2.0,5
5.0,2.0,1.0,3.0,2.0,3.0,4.0,2.0,1.0,0.0,2.0,0,2.0,3.0,2.0,2.0,1.0,1.0,2.0,2.0,3.0,3.0,1.0,1.0,1.0,3.0,1.0,4.0,1.0,2.0,1.0,1.0,2.0,1.0,2.0,5
4.0,1.0,1.0,3.0,2.0,2.0,4.0,2.0,2.0,3.0,2.0,0,2.0,3.0,2.0,2.0,1.0,1.0,2.0,2.0,3.0,3.0,1.0,1.0,1.0,3.0,1.0,4.0,1.0,2.0,1.0,1.0,2.0,1.0,2.0,5
7.0,2.0,1.0,3.0,2.0,3.0,3.0,2.0,2.0,0.0,2.0,0,2.0,3.0,2.0,1.0,1.0,1.0,1.0,2.0,1.0,1.0,2.0,1.0,1.0,3.0,1.0,4.0,1.0,2.0,1.0,1.0,2.0,1.0,2.0,5
5.0,1.0,1.0,3.0,2.0,2.0,4.0,2.0,1.0,3.0,2.0,0,2.0,3.0,2.0,2.0,1.0,1.0,2.0,2.0,3.0,3.0,1.0,1.0,1.0,3.0,1.0,4.0,1.0,2.0,1.0,1.0,2.0,1.0,2.0,5
5.0,2.0,1.0,3.0,2.0,2.0,4.0,2.0,3.0,1.0,2.0,0,2.0,3.0,2.0,2.0,1.0,1.0,2.0,2.0,3.0,3.0,1.0,1.0,1.0,3.0,1.0,4.0,1.0,2.0,1.0,1.0,2.0,1.0,2.0,5
2.0,2.0,1.0,3.0,2.0,4.0,4.0,2.0,2.0,1.0,2.0,0,2.0,3.0,2.0,2.0,1.0,1.0,1.0,2.0,1.0,1.0,2.0,1.0,1.0,3.0,1.0,4.0,1.0,2.0,1.0,1.0,2.0,1.0,2.0,5
5.0,2.0,1.0,3.0,2.0,3.0,4.0,2.0,2.0,0.0,2.0,0,2.0,3.0,2.0,2.0,1.0,1.0,2.0,2.0,3.0,3.0,1.0,1.0,1.0,3.0,1.0,4.0,1.0,2.0,1.0,1.0,2.0,1.0,2.0,5
2.0,1.0,1.0,3.0,2.0,2.0,4.0,2.0,2.0,3.0,2.0,0,2.0,3.0,2.0,1.0,1.0,1.0,1.0,2.0,1.0,1.0,2.0,1.0,1.0,3.0,1.0,4.0,1.0,2.0,1.0,1.0,2.0,1.0,2.0,5
4.0,2.0,1.0,3.0,2.0,2.0,4.0,2.0,2.0,1.0,2.0,0,2.0,3.0,2.0,2.0,1.0,1.0,2.0,2.0,3.0,3.0,1.0,1.0,1.0,3.0,1.0,4.0,1.0,2.0,1.0,1.0,2.0,1.0,2.0,5
1.0,1.0,3.0,3.0,1.0,3.0,3.0,1.0,3.0,0.0,1.0,0,2.0,3.0,2.0,1.0,1.0,1.0,2.0,2.0,3.0,3.0,1.0,1.0,1.0,3.0,1.0,4.0,1.0,2.0,1.0,1.0,2.0,1.0,2.0,5
5.0,1.0,3.0,3.0,1.0,3.0,2.0,1.0,2.0,3.0,2.0,0,2.0,3.0,2.0,1.0,1.0,1.0,2.0,2.0,3.0,3.0,1.0,1.0,1.0,3.0,1.0,4.0,1.0,2.0,1.0,1.0,2.0,1.0,2.0,5
5.0,1.0,1.0,3.0,2.0,4.0,2.0,2.0,3.0,3.0,2.0,0,2.0,3.0,2.0,2.0,1.0,1.0,2.0,2.0,3.0,3.0,1.0,1.0,1.0,3.0,1.0,4.0,1.0,2.0,1.0,1.0,2.0,1.0,2.0,5
5.0,2.0,1.0,3.0,2.0,4.0,4.0,2.0,2.0,1.0,2.0,0,2.0,3.0,2.0,1.0,1.0,1.0,1.0,2.0,1.0,1.0,2.0,1.0,1.0,3.0,1.0,4.0,1.0,2.0,1.0,1.0,2.0,1.0,2.0,5
4.0,2.0,1.0,3.0,2.0,2.0,4.0,2.0,1.0,0.0,2.0,0,2.0,3.0,2.0,2.0,1.0,1.0,2.0,2.0,3.0,3.0,1.0,1.0,1.0,3.0,1.0,4.0,1.0,2.0,1.0,1.0,2.0,1.0,2.0,5
3.0,2.0,1.0,3.0,2.0,3.0,4.0,3.0,3.0,0.0,2.0,0,2.0,3.0,2.0,1.0,1.0,1.0,1.0,2.0,3.0,4.0,2.0,2.0,1.0,3.0,1.0,4.0,1.0,2.0,1.0,1.0,2.0,1.0,2.0,5
4.0,1.0,1.0,1.0,1.0,2.0,1.0,2.0,1.0,1.0,1.0,0,2.0,3.0,2.0,1.0,1.0,1.0,2.0,2.0,3.0,3.0,1.0,1.0,1.0,3.0,1.0,4.0,1.0,2.0,1.0,1.0,2.0,1.0,2.0,5
5.0,2.0,1.0,3.0,2.0,3.0,4.0,2.0,3.0,1.0,2.0,0,2.0,3.0,2.0,2.0,1.0,1.0,2.0,2.0,3.0,3.0,1.0,1.0,1.0,3.0,1.0,4.0,1.0,2.0,1.0,1.0,2.0,1.0,2.0,5
5.0,1.0,1.0,3.0,2.0,3.0,4.0,2.0,2.0,3.0,2.0,0,2.0,3.0,2.0,2.0,1.0,1.0,2.0,2.0,3.0,3.0,1.0,1.0,1.0,3.0,1.0,4.0,1.0,2.0,1.0,1.0,2.0,1.0,2.0,5
7.0,2.0,1.0,3.0,2.0,4.0,4.0,2.0,2.0,1.0,2.0,0,2.0,3.0,2.0,2.0,1.0,1.0,1.0,2.0,1.0,1.0,2.0,1.0,1.0,3.0,1.0,4.0,1.0,2.0,1.0,1.0,2.0,1.0,2.0,5
2.0,1.0,3.0,3.0,1.0,3.0,3.0,1.0,2.0,3.0,2.0,0,2.0,3.0,2.0,1.0,1.0,1.0,1.0,2.0,1.0,1.0,2.0,1.0,1.0,3.0,1.0,4.0,3.0,2.0,1.0,1.0,2.0,1.0,2.0,5
3.0,1.0,1.0,3.0,2.0,4.0,4.0,2.0,2.0,3.0,2.0,0,2.0,3.0,2.0,2.0,1.0,1.0,1.0,2.0,1.0,1.0,2.0,1.0,1.0,3.0,1.0,4.0,1.0,2.0,1.0,1.0,2.0,1.0,2.0,5
5.0,2.0,1.0,3.0,2.0,2.0,4.0,2.0,2.0,1.0,2.0,0,2.0,3.0,2.0,1.0,1.0,1.0,2.0,2.0,3.0,3.0,1.0,1.0,1.0,3.0,1.0,4.0,1.0,2.0,1.0,1.0,2.0,1.0,2.0,5
2.0,2.0,1.0,3.0,2.0,3.0,4.0,3.0,1.0,0.0,2.0,0,2.0,3.0,2.0,1.0,1.0,1.0,1.0,2.0,3.0,4.0,2.0,2.0,1.0,3.0,1.0,4.0,1.0,2.0,1.0,1.0,2.0,1.0,2.0,5
4.0,1.0,1.0,3.0,2.0,3.0,4.0,2.0,2.0,3.0,2.0,0,2.0,3.0,2.0,1.0,1.0,1.0,2.0,2.0,3.0,3.0,1.0,1.0,1.0,3.0,1.0,4.0,1.0,2.0,1.0,1.0,2.0,1.0,2.0,5
4.0,1.0,3.0,3.0,1.0,1.0,2.0,2.0,1.0,1.0,2.0,0,2.0,3.0,2.0,1.0,1.0,1.0,2.0,2.0,3.0,3.0,1.0,1.0,1.0,3.0,1.0,4.0,1.0,2.0,1.0,1.0,2.0,1.0,2.0,5
3.0,1.0,1.0,3.0,2.0,2.0,1.0,2.0,2.0,3.0,2.0,0,2.0,3.0,2.0,1.0,1.0,1.0,1.0,2.0,1.0,1.0,2.0,1.0,1.0,3.0,1.0,4.0,1.0,2.0,1.0,1.0,2.0,1.0,2.0,5
3.0,2.0,1.0,3.0,2.0,2.0,4.0,3.0,3.0,1.0,2.0,0,2.0,3.0,2.0,1.0,1.0,1.0,1.0,2.0,3.0,4.0,2.0,2.0,1.0,3.0,1.0,4.0,1.0,2.0,1.0,1.0,2.0,1.0,2.0,5
4.0,2.0,1.0,3.0,2.0,3.0,3.0,2.0,2.0,0.0,2.0,0,2.0,3.0,2.0,1.0,1.0,1.0,1.0,2.0,1.0,1.0,2.0,1.0,1.0,3.0,1.0,4.0,1.0,2.0,1.0,1.0,2.0,1.0,2.0,5
3.0,2.0,1.0,3.0,2.0,2.0,1.0,2.0,2.0,1.0,2.0,0,2.0,3.0,2.0,2.0,1.0,1.0,2.0,2.0,3.0,3.0,1.0,1.0,1.0,3.0,1.0,4.0,1.0,2.0,1.0,1.0,2.0,1.0,2.0,5
3.0,1.0,1.0,3.0,2.0,2.0,1.0,2.0,2.0,3.0,2.0,0,2.0,3.0,2.0,2.0,1.0,1.0,1.0,2.0,1.0,1.0,2.0,1.0,1.0,3.0,1.0,4.0,1.0,2.0,1.0,1.0,2.0,1.0,2.0,5
4.0,1.0,1.0,3.0,2.0,2.0,4.0,3.0,3.0,3.0,2.0,0,2.0,3.0,2.0,2.0,1.0,1.0,2.0,2.0,3.0,3.0,1.0,1.0,1.0,3.0,1.0,4.0,1.0,2.0,1.0,1.0,2.0,1.0,2.0,5
7.0,1.0,1.0,3.0,2.0,2.0,4.0,3.0,2.0,3.0,2.0,0,2.0,3.0,2.0,1.0,1.0,1.0,1.0,2.0,3.0,4.0,2.0,2.0,1.0,3.0,1.0,4.0,1.0,2.0,1.0,1.0,2.0,1.0,2.0,5
7.0,2.0,1.0,3.0,1.0,2.0,4.0,2.0,1.0,1.0,2.0,0,2.0,3.0,3.0,2.0,1.0,1.0,2.0,2.0,3.0,3.0,1.0,1.0,1.0,3.0,1.0,4.0,1.0,2.0,1.0,1.0,2.0,1.0,2.0,3
2.0,2.0,1.0,1.0,1.0,3.0,4.0,2.0,1.0,0.0,2.0,0,2.0,3.0,3.0,2.0,1.0,1.0,2.0,2.0,3.0,3.0,1.0,1.0,1.0,3.0,1.0,4.0,1.0,2.0,1.0,1.0,2.0,1.0,2.0,3
4.0,2.0,3.0,3.0,2.0,1.0,2.0,1.0,2.0,1.0,2.0,0,3.0,3.0,3.0,1.0,1.0,1.0,2.0,2.0,3.0,3.0,1.0,1.0,1.0,3.0,1.0,4.0,1.0,2.0,1.0,1.0,2.0,1.0,2.0,3
3.0,2.0,3.0,3.0,2.0,4.0,3.0,1.0,2.0,1.0,2.0,0,3.0,3.0,3.0,2.0,1.0,1.0,2.0,2.0,3.0,3.0,1.0,1.0,1.0,3.0,1.0,4.0,1.0,2.0,1.0,1.0,2.0,1.0,2.0,3
3.0,2.0,3.0,3.0,2.0,2.0,3.0,1.0,2.0,1.0,2.0,0,3.0,3.0,3.0,2.0,2.0,1.0,2.0,2.0,3.0,3.0,1.0,1.0,1.0,3.0,1.0,4.0,1.0,2.0,1.0,1.0,2.0,1.0,2.0,3
3.0,2.0,1.0,3.0,1.0,3.0,1.0,2.0,1.0,1.0,2.0,0,2.0,3.0,3.0,2.0,1.0,1.0,2.0,2.0,3.0,3.0,1.0,1.0,1.0,3.0,1.0,4.0,1.0,2.0,1.0,1.0,2.0,1.0,2.0,3
3.0,2.0,3.0,3.0,2.0,4.0,2.0,1.0,2.0,0.0,2.0,0,3.0,3.0,3.0,2.0,1.0,1.0,2.0,2.0,3.0,3.0,1.0,1.0,1.0,3.0,1.0,4.0,1.0,2.0,1.0,1.0,2.0,1.0,2.0,3
2.0,2.0,1.0,3.0,1.0,1.0,4.0,2.0,1.0,0.0,2.0,0,2.0,3.0,3.0,2.0,1.0,1.0,2.0,2.0,3.0,3.0,1.0,1.0,1.0,3.0,1.0,4.0,1.0,2.0,1.0,1.0,2.0,1.0,2.0,3
4.0,2.0,3.0,3.0,2.0,2.0,1.0,1.0,2.0,1.0,2.0,0,3.0,3.0,3.0,2.0,1.0,1.0,2.0,2.0,3.0,3.0,1.0,1.0,1.0,3.0,1.0,4.0,1.0,2.0,1.0,1.0,2.0,1.0,2.0,3
2.0,1.0,1.0,1.0,1.0,3.0,1.0,2.0,1.0,3.0,2.0,0,2.0,3.0,3.0,2.0,1.0,1.0,2.0,2.0,3.0,3.0,1.0,1.0,1.0,3.0,1.0,4.0,1.0,2.0,1.0,1.0,2.0,1.0,2.0,3
4.0,1.0,3.0,1.0,2.0,3.0,3.0,1.0,2.0,3.0,2.0,0,3.0,2.0,3.0,1.0,1.0,1.0,2.0,2.0,3.0,3.0,1.0,1.0,1.0,3.0,1.0,4.0,1.0,2.0,1.0,1.0,2.0,1.0,1.0,4
3.0,2.0,1.0,2.0,1.0,3.0,4.0,2.0,1.0,0.0,1.0,0,2.0,2.0,3.0,2.0,1.0,1.0,2.0,2.0,3.0,3.0,1.0,1.0,1.0,3.0,1.0,4.0,1.0,1.0,2.0,2.0,2.0,1.0,2.0,4
4.0,2.0,3.0,2.0,2.0,1.0,2.0,1.0,2.0,1.0,2.0,0,3.0,2.0,3.0,1.0,1.0,1.0,2.0,2.0,3.0,3.0,1.0,1.0,1.0,3.0,1.0,4.0,1.0,2.0,1.0,1.0,2.0,1.0,2.0,4
2.0,1.0,1.0,3.0,2.0,2.0,2.0,2.0,2.0,3.0,2.0,0,3.0,3.0,3.0,2.0,2.0,1.0,2.0,2.0,3.0,3.0,1.0,1.0,1.0,3.0,1.0,4.0,1.0,2.0,1.0,1.0,1.0,1.0,3.0,4
3.0,2.0,1.0,3.0,1.0,4.0,1.0,2.0,2.0,0.0,2.0,0,3.0,2.0,3.0,2.0,1.0,1.0,2.0,2.0,3.0,3.0,1.0,1.0,1.0,3.0,1.0,4.0,1.0,1.0,2.0,2.0,1.0,1.0,3.0,4
3.0,1.0,3.0,2.0,2.0,3.0,2.0,1.0,2.0,3.0,2.0,0,2.0,2.0,3.0,1.0,1.0,1.0,2.0,2.0,3.0,3.0,1.0,1.0,1.0,3.0,1.0,4.0,1.0,2.0,1.0,1.0,2.0,1.0,3.0,4
3.0,2.0,3.0,3.0,1.0,3.0,4.0,1.0,2.0,0.0,1.0,0,3.0,2.0,3.0,2.0,1.0,1.0,2.0,2.0,3.0,3.0,1.0,1.0,1.0,3.0,1.0,4.0,1.0,1.0,2.0,2.0,1.0,1.0,2.0,4
3.0,1.0,1.0,3.0,2.0,1.0,3.0,2.0,2.0,3.0,2.0,0,3.0,2.0,3.0,2.0,1.0,1.0,2.0,2.0,3.0,3.0,1.0,1.0,1.0,3.0,1.0,4.0,1.0,2.0,1.0,1.0,1.0,1.0,3.0,4
2.0,2.0,3.0,3.0,1.0,4.0,4.0,1.0,2.0,0.0,2.0,0,3.0,2.0,3.0,2.0,1.0,1.0,2.0,2.0,3.0,3.0,1.0,1.0,1.0,3.0,1.0,4.0,1.0,1.0,2.0,2.0,1.0,1.0,2.0,4
7.0,1.0,3.0,3.0,2.0,3.0,2.0,1.0,1.0,3.0,2.0,0,3.0,2.0,3.0,2.0,1.0,1.0,2.0,2.0,3.0,3.0,1.0,1.0,1.0,3.0,1.0,4.0,1.0,2.0,1.0,1.0,2.0,1.0,3.0,4
6.0,2.0,1.0,2.0,1.0,3.0,3.0,1.0,2.0,1.0,2.0,1,1.0,1.0,1.0,1.0,1.0,1.0,1.0,1.0,3.0,4.0,1.0,1.0,1.0,3.0,1.0,1.0,3.0,1.0,1.0,2.0,2.0,1.0,2.0,17
6.0,2.0,1.0,2.0,2.0,3.0,3.0,1.0,1.0,0.0,2.0,0,2.0,3.0,3.0,1.0,1.0,1.0,1.0,2.0,3.0,4.0,1.0,1.0,1.0,3.0,1.0,1.0,3.0,1.0,1.0,2.0,2.0,1.0,2.0,17
2.0,2.0,1.0,3.0,1.0,4.0,1.0,1.0,1.0,3.0,2.0,1,1.0,1.0,1.0,1.0,1.0,1.0,2.0,2.0,3.0,4.0,1.0,1.0,1.0,3.0,1.0,4.0,1.0,1.0,1.0,2.0,2.0,1.0,2.0,17
2.0,2.0,1.0,3.0,1.0,1.0,2.0,1.0,2.0,0.0,2.0,0,2.0,3.0,3.0,1.0,1.0,1.0,2.0,1.0,3.0,4.0,1.0,1.0,1.0,3.0,1.0,4.0,1.0,1.0,1.0,2.0,2.0,1.0,2.0,17
2.0,2.0,1.0,2.0,2.0,1.0,2.0,1.0,2.0,3.0,2.0,0,2.0,3.0,3.0,1.0,1.0,1.0,2.0,2.0,3.0,4.0,1.0,1.0,1.0,3.0,1.0,4.0,1.0,1.0,1.0,2.0,2.0,1.0,2.0,17
6.0,2.0,1.0,1.0,2.0,3.0,3.0,1.0,2.0,0.0,2.0,0,2.0,3.0,3.0,1.0,1.0,1.0,1.0,2.0,3.0,4.0,1.0,1.0,1.0,3.0,1.0,1.0,3.0,1.0,1.0,2.0,2.0,1.0,2.0,17
3.0,2.0,1.0,2.0,1.0,1.0,2.0,1.0,2.0,0.0,2.0,1,1.0,1.0,1.0,1.0,1.0,1.0,2.0,1.0,3.0,4.0,1.0,1.0,1.0,3.0,1.0,4.0,1.0,1.0,1.0,2.0,2.0,1.0,2.0,17
3.0,2.0,1.0,3.0,1.0,2.0,4.0,1.0,1.0,0.0,2.0,1,1.0,1.0,1.0,1.0,1.0,1.0,2.0,2.0,3.0,4.0,1.0,1.0,1.0,3.0,1.0,4.0,1.0,1.0,1.0,2.0,2.0,1.0,2.0,17
7.0,2.0,1.0,3.0,2.0,4.0,1.0,1.0,2.0,1.0,2.0,0,2.0,3.0,3.0,1.0,1.0,1.0,1.0,2.0,3.0,4.0,1.0,1.0,1.0,3.0,1.0,1.0,3.0,1.0,1.0,2.0,2.0,1.0,2.0,17
2.0,2.0,1.0,3.0,2.0,1.0,2.0,1.0,1.0,0.0,2.0,1,1.0,1.0,1.0,1.0,1.0,1.0,1.0,2.0,3.0,4.0,1.0,1.0,1.0,3.0,1.0,4.0,1.0,1.0,1.0,2.0,2.0,1.0,2.0,17
7.0,1.0,1.0,3.0,2.0,2.0,4.0,2.0,1.0,1.0,2.0,1,1.0,1.0,1.0,1.0,1.0,1.0,1.0,2.0,1.0,2.0,1.0,1.0,1.0,3.0,1.0,1.0,2.0,2.0,1.0,1.0,2.0,1.0,2.0,2
7.0,1.0,1.0,1.0,1.0,3.0,3.0,1.0,1.0,3.0,2.0,0,1.0,1.0,1.0,1.0,1.0,1.0,1.0,2.0,1.0,1.0,2.0,2.0,1.0,3.0,1.0,1.0,2.0,1.0,2.0,2.0,2.0,2.0,2.0,2
6.0,2.0,1.0,3.0,2.0,4.0,1.0,2.0,1.0,0.0,2.0,1,1.0,1.0,1.0,1.0,1.0,1.0,1.0,2.0,1.0,2.0,2.0,1.0,1.0,3.0,1.0,1.0,2.0,1.0,2.0,1.0,1.0,2.0,2.0,2
4.0,1.0,1.0,1.0,1.0,1.0,2.0,2.0,2.0,1.0,1.0,0,1.0,1.0,1.0,1.0,1.0,1.0,1.0,2.0,2.0,1.0,1.0,2.0,1.0,3.0,1.0,4.0,1.0,2.0,1.0,1.0,2.0,1.0,2.0,2
3.0,2.0,1.0,3.0,2.0,2.0,4.0,2.0,2.0,1.0,1.0,0,1.0,1.0,1.0,1.0,1.0,1.0,1.0,2.0,1.0,2.0,2.0,2.0,1.0,3.0,1.0,1.0,2.0,1.0,2.0,2.0,2.0,1.0,2.0,2
2.0,1.0,1.0,1.0,1.0,3.0,3.0,2.0,2.0,0.0,1.0,0,1.0,1.0,1.0,1.0,1.0,1.0,1.0,2.0,1.0,1.0,2.0,2.0,1.0,3.0,1.0,1.0,2.0,2.0,1.0,1.0,2.0,1.0,2.0,2
6.0,2.0,1.0,3.0,2.0,3.0,3.0,2.0,2.0,0.0,2.0,1,1.0,1.0,1.0,1.0,1.0,1.0,1.0,2.0,1.0,2.0,2.0,1.0,1.0,3.0,1.0,1.0,2.0,1.0,2.0,1.0,1.0,2.0,2.0,2
5.0,2.0,1.0,3.0,2.0,4.0,1.0,2.0,1.0,0.0,1.0,0,1.0,1.0,1.0,1.0,1.0,1.0,1.0,2.0,2.0,2.0,1.0,2.0,1.0,3.0,1.0,4.0,1.0,1.0,1.0,2.0,2.0,1.0,2.0,2
6.0,1.0,1.0,3.0,2.0,3.0,3.0,2.0,1.0,0.0,2.0,1,1.0,1.0,1.0,1.0,1.0,1.0,1.0,2.0,1.0,2.0,2.0,1.0,1.0,3.0,1.0,1.0,2.0,1.0,2.0,1.0,1.0,2.0,2.0,2
7.0,2.0,1.0,3.0,2.0,4.0,1.0,2.0,3.0,3.0,1.0,0,1.0,1.0,1.0,1.0,1.0,1.0,1.0,2.0,1.0,2.0,2.0,2.0,1.0,3.0,1.0,1.0,2.0,1.0,2.0,2.0,2.0,1.0,2.0,2
7.0,1.0,1.0,1.0,1.0,2.0,4.0,1.0,1.0,3.0,1.0,0,1.0,1.0,1.0,1.0,1.0,1.0,1.0,1.0,1.0,2.0,2.0,2.0,1.0,3.0,1.0,1.0,2.0,2.0,1.0,1.0,2.0,1.0,2.0,2
1.0,2.0,1.0,3.0,2.0,2.0,4.0,2.0,1.0,3.0,1.0,0,1.0,1.0,1.0,1.0,1.0,1.0,1.0,2.0,2.0,2.0,1.0,2.0,1.0,3.0,1.0,4.0,1.0,1.0,2.0,1.0,1.0,1.0,2.0,2
6.0,2.0,1.0,3.0,2.0,3.0,3.0,1.0,2.0,1.0,1.0,0,1.0,1.0,1.0,1.0,1.0,1.0,1.0,2.0,1.0,1.0,2.0,2.0,1.0,3.0,1.0,1.0,2.0,1.0,1.0,2.0,1.0,2.0,2.0,2
7.0,1.0,1.0,3.0,2.0,4.0,1.0,2.0,2.0,0.0,2.0,1,1.0,1.0,1.0,1.0,1.0,1.0,1.0,2.0,1.0,2.0,1.0,1.0,1.0,3.0,1.0,1.0,2.0,1.0,2.0,1.0,1.0,2.0,2.0,2
7.0,2.0,1.0,3.0,2.0,3.0,3.0,2.0,2.0,3.0,2.0,1,1.0,1.0,1.0,1.0,1.0,1.0,1.0,2.0,1.0,2.0,2.0,1.0,1.0,3.0,1.0,1.0,2.0,2.0,1.0,1.0,2.0,1.0,2.0,2
6.0,1.0,1.0,1.0,1.0,1.0,2.0,2.0,2.0,0.0,2.0,0,1.0,1.0,1.0,1.0,1.0,1.0,1.0,2.0,1.0,1.0,2.0,2.0,1.0,3.0,1.0,1.0,2.0,2.0,1.0,1.0,2.0,1.0,2.0,2
7.0,2.0,1.0,3.0,2.0,4.0,1.0,2.0,2.0,1.0,2.0,1,1.0,1.0,1.0,1.0,1.0,1.0,1.0,2.0,1.0,2.0,2.0,1.0,1.0,3.0,1.0,1.0,2.0,1.0,2.0,1.0,1.0,2.0,2.0,2
6.0,1.0,1.0,1.0,1.0,2.0,4.0,1.0,3.0,0.0,2.0,0,1.0,1.0,1.0,1.0,1.0,1.0,1.0,1.0,1.0,2.0,2.0,2.0,1.0,3.0,1.0,1.0,2.0,2.0,1.0,1.0,2.0,1.0,2.0,2
7.0,1.0,1.0,3.0,2.0,2.0,4.0,2.0,2.0,0.0,2.0,1,1.0,1.0,1.0,1.0,1.0,1.0,1.0,2.0,1.0,2.0,1.0,1.0,1.0,3.0,1.0,1.0,2.0,1.0,2.0,1.0,1.0,2.0,2.0,2
7.0,1.0,1.0,3.0,2.0,3.0,3.0,2.0,1.0,0.0,2.0,1,1.0,1.0,1.0,1.0,1.0,1.0,1.0,2.0,1.0,2.0,1.0,1.0,1.0,3.0,1.0,1.0,2.0,1.0,2.0,1.0,1.0,2.0,2.0,2
3.0,1.0,3.0,3.0,2.0,1.0,3.0,1.0,2.0,3.0,2.0,0,2.0,3.0,2.0,1.0,1.0,1.0,2.0,2.0,3.0,3.0,1.0,1.0,1.0,3.0,1.0,4.0,1.0,2.0,1.0,1.0,2.0,1.0,2.0,14
3.0,2.0,2.0,3.0,1.0,1.0,3.0,1.0,2.0,0.0,2.0,0,2.0,3.0,2.0,1.0,2.0,1.0,2.0,2.0,3.0,3.0,1.0,1.0,1.0,3.0,1.0,4.0,1.0,2.0,1.0,1.0,2.0,1.0,2.0,14
3.0,1.0,3.0,3.0,2.0,1.0,2.0,1.0,2.0,1.0,2.0,0,2.0,3.0,2.0,1.0,1.0,1.0,2.0,2.0,3.0,3.0,1.0,1.0,1.0,3.0,1.0,4.0,1.0,2.0,1.0,1.0,2.0,1.0,2.0,14
3.0,2.0,2.0,3.0,1.0,3.0,2.0,1.0,2.0,1.0,2.0,0,2.0,3.0,2.0,1.0,1.0,1.0,2.0,2.0,3.0,3.0,1.0,1.0,1.0,3.0,1.0,4.0,1.0,2.0,1.0,1.0,2.0,1.0,2.0,14
3.0,1.0,3.0,1.0,2.0,2.0,3.0,1.0,1.0,0.0,2.0,0,2.0,3.0,2.0,2.0,2.0,1.0,2.0,2.0,3.0,3.0,1.0,1.0,1.0,3.0,1.0,4.0,1.0,2.0,1.0,1.0,2.0,1.0,2.0,14
4.0,2.0,2.0,3.0,1.0,1.0,4.0,1.0,3.0,3.0,2.0,0,2.0,3.0,2.0,1.0,1.0,1.0,2.0,2.0,3.0,3.0,1.0,1.0,1.0,3.0,1.0,4.0,1.0,2.0,1.0,1.0,2.0,1.0,2.0,14
5.0,2.0,2.0,1.0,1.0,2.0,3.0,2.0,1.0,0.0,2.0,0,2.0,3.0,2.0,2.0,2.0,1.0,2.0,2.0,3.0,3.0,1.0,1.0,1.0,3.0,1.0,4.0,1.0,2.0,1.0,1.0,2.0,1.0,2.0,14
4.0,1.0,3.0,3.0,2.0,3.0,3.0,2.0,1.0,0.0,2.0,0,2.0,3.0,2.0,1.0,2.0,1.0,2.0,2.0,3.0,3.0,1.0,1.0,1.0,3.0,1.0,4.0,1.0,2.0,1.0,1.0,2.0,1.0,2.0,14
4.0,2.0,2.0,1.0,1.0,2.0,2.0,2.0,1.0,1.0,1.0,0,2.0,3.0,2.0,2.0,1.0,1.0,2.0,2.0,3.0,3.0,1.0,1.0,1.0,3.0,1.0,4.0,1.0,2.0,1.0,1.0,2.0,1.0,2.0,14
4.0,1.0,3.0,1.0,2.0,2.0,4.0,1.0,3.0,3.0,2.0,0,2.0,3.0,2.0,2.0,1.0,1.0,2.0,2.0,3.0,3.0,1.0,1.0,1.0,3.0,1.0,4.0,1.0,2.0,1.0,1.0,2.0,1.0,2.0,14
2.0,1.0,1.0,3.0,2.0,4.0,1.0,2.0,1.0,3.0,2.0,0,2.0,3.0,2.0,1.0,1.0,1.0,2.0,2.0,3.0,3.0,1.0,1.0,1.0,3.0,1.0,4.0,1.0,2.0,1.0,1.0,2.0,1.0,2.0,1
2.0,2.0,3.0,3.0,2.0,2.0,4.0,2.0,2.0,0.0,2.0,0,2.0,3.0,2.0,1.0,1.0,1.0,2.0,2.0,3.0,3.0,1.0,1.0,1.0,3.0,1.0,4.0,1.0,2.0,1.0,1.0,2.0,1.0,2.0,1
3.0,2.0,1.0,3.0,2.0,1.0,2.0,2.0,2.0,0.0,2.0,0,2.0,3.0,2.0,1.0,1.0,1.0,2.0,2.0,3.0,3.0,1.0,1.0,1.0,3.0,1.0,4.0,1.0,2.0,1.0,1.0,2.0,1.0,2.0,1
6.0,2.0,1.0,1.0,2.0,2.0,4.0,1.0,1.0,0.0,2.0,0,2.0,3.0,2.0,1.0,1.0,1.0,2.0,2.0,3.0,3.0,1.0,1.0,1.0,3.0,1.0,4.0,1.0,2.0,1.0,1.0,2.0,1.0,2.0,1
6.0,2.0,3.0,3.0,1.0,3.0,3.0,1.0,3.0,3.0,2.0,0,2.0,3.0,2.0,1.0,1.0,1.0,2.0,2.0,3.0,3.0,1.0,1.0,1.0,3.0,1.0,4.0,1.0,1.0,1.0,2.0,2.0,1.0,2.0,1
7.0,2.0,1.0,1.0,2.0,2.0,4.0,2.0,2.0,0.0,2.0,0,2.0,3.0,2.0,1.0,1.0,1.0,2.0,2.0,3.0,3.0,1.0,1.0,1.0,3.0,1.0,4.0,1.0,2.0,1.0,1.0,2.0,1.0,2.0,1
6.0,2.0,3.0,3.0,2.0,2.0,4.0,1.0,1.0,0.0,2.0,0,2.0,3.0,2.0,1.0,1.0,1.0,2.0,2.0,3.0,3.0,1.0,1.0,1.0,3.0,1.0,4.0,1.0,2.0,1.0,1.0,2.0,1.0,2.0,1
7.0,1.0,1.0,1.0,2.0,2.0,1.0,1.0,2.0,3.0,2.0,0,2.0,3.0,2.0,1.0,1.0,1.0,2.0,2.0,3.0,3.0,1.0,1.0,1.0,3.0,1.0,4.0,1.0,2.0,1.0,1.0,2.0,1.0,2.0,1
6.0,2.0,1.0,1.0,2.0,2.0,4.0,1.0,1.0,0.0,2.0,0,2.0,3.0,2.0,1.0,1.0,1.0,2.0,2.0,3.0,3.0,1.0,1.0,1.0,3.0,1.0,4.0,1.0,2.0,1.0,1.0,2.0,1.0,2.0,1
6.0,2.0,1.0,1.0,2.0,2.0,3.0,2.0,1.0,1.0,2.0,0,2.0,3.0,2.0,1.0,1.0,1.0,2.0,2.0,3.0,3.0,1.0,1.0,1.0,3.0,1.0,4.0,1.0,2.0,1.0,1.0,2.0,1.0,2.0,1
7.0,2.0,1.0,1.0,2.0,3.0,4.0,1.0,2.0,0.0,2.0,0,2.0,3.0,2.0,1.0,1.0,1.0,2.0,2.0,3.0,3.0,1.0,1.0,1.0,3.0,1.0,4.0,1.0,2.0,1.0,1.0,2.0,1.0,2.0,1
2.0,1.0,1.0,3.0,2.0,2.0,2.0,2.0,1.0,3.0,2.0,0,2.0,3.0,2.0,1.0,1.0,1.0,2.0,2.0,3.0,3.0,1.0,1.0,1.0,3.0,1.0,4.0,1.0,2.0,1.0,1.0,2.0,1.0,2.0,1
6.0,2.0,1.0,3.0,2.0,4.0,1.0,1.0,1.0,1.0,2.0,0,2.0,3.0,2.0,2.0,1.0,1.0,2.0,2.0,3.0,3.0,1.0,1.0,1.0,3.0,1.0,4.0,1.0,2.0,1.0,1.0,2.0,1.0,2.0,1
7.0,2.0,1.0,1.0,2.0,3.0,3.0,2.0,2.0,1.0,2.0,0,2.0,3.0,2.0,1.0,1.0,1.0,2.0,2.0,3.0,3.0,1.0,1.0,1.0,3.0,1.0,4.0,1.0,2.0,1.0,1.0,2.0,1.0,2.0,1
7.0,1.0,1.0,3.0,2.0,1.0,2.0,1.0,2.0,3.0,2.0,0,2.0,3.0,2.0,1.0,1.0,1.0,2.0,2.0,3.0,3.0,1.0,1.0,1.0,3.0,1.0,4.0,1.0,2.0,1.0,1.0,2.0,1.0,2.0,1
2.0,2.0,1.0,3.0,2.0,3.0,3.0,1.0,2.0,0.0,2.0,0,2.0,3.0,2.0,1.0,1.0,1.0,2.0,2.0,3.0,3.0,1.0,1.0,1.0,3.0,1.0,4.0,1.0,2.0,1.0,1.0,2.0,1.0,2.0,1
2.0,2.0,1.0,3.0,2.0,4.0,1.0,2.0,1.0,0.0,2.0,0,2.0,3.0,2.0,2.0,1.0,1.0,2.0,2.0,3.0,3.0,1.0,1.0,1.0,3.0,1.0,4.0,1.0,2.0,1.0,1.0,2.0,1.0,2.0,1
7.0,2.0,1.0,3.0,2.0,3.0,1.0,1.0,2.0,1.0,2.0,0,2.0,3.0,2.0,1.0,1.0,1.0,2.0,2.0,3.0,3.0,1.0,1.0,1.0,3.0,1.0,4.0,1.0,2.0,1.0,1.0,2.0,1.0,2.0,1
6.0,2.0,1.0,1.0,2.0,2.0,3.0,1.0,1.0,1.0,2.0,0,2.0,3.0,2.0,1.0,1.0,1.0,2.0,2.0,3.0,3.0,1.0,1.0,1.0,3.0,1.0,4.0,1.0,2.0,1.0,1.0,2.0,1.0,2.0,1
6.0,1.0,1.0,1.0,2.0,4.0,1.0,1.0,1.0,3.0,2.0,0,2.0,3.0,2.0,1.0,1.0,1.0,2.0,2.0,3.0,3.0,1.0,1.0,1.0,3.0,1.0,4.0,1.0,2.0,1.0,1.0,2.0,1.0,2.0,1
7.0,1.0,1.0,1.0,2.0,2.0,1.0,2.0,2.0,3.0,2.0,0,2.0,3.0,2.0,1.0,1.0,1.0,2.0,2.0,3.0,3.0,1.0,1.0,1.0,3.0,1.0,4.0,1.0,2.0,1.0,1.0,2.0,1.0,2.0,1
7.0,1.0,1.0,1.0,2.0,2.0,4.0,2.0,1.0,0.0,2.0,0,2.0,3.0,2.0,1.0,1.0,1.0,2.0,2.0,3.0,3.0,1.0,1.0,1.0,3.0,1.0,4.0,1.0,2.0,1.0,1.0,2.0,1.0,2.0,1
2.0,1.0,1.0,3.0,2.0,3.0,1.0,1.0,2.0,3.0,2.0,0,2.0,3.0,2.0,2.0,1.0,1.0,2.0,2.0,3.0,3.0,1.0,1.0,1.0,3.0,1.0,4.0,1.0,2.0,1.0,1.0,2.0,1.0,2.0,1
6.0,1.0,3.0,1.0,2.0,3.0,3.0,1.0,3.0,1.0,2.0,0,2.0,3.0,2.0,1.0,1.0,1.0,2.0,2.0,3.0,3.0,1.0,1.0,1.0,3.0,1.0,4.0,1.0,1.0,1.0,2.0,2.0,1.0,2.0,1
2.0,1.0,1.0,3.0,2.0,4.0,3.0,2.0,1.0,3.0,2.0,0,2.0,3.0,2.0,1.0,1.0,1.0,2.0,2.0,3.0,3.0,1.0,1.0,1.0,3.0,1.0,4.0,1.0,2.0,1.0,1.0,2.0,1.0,2.0,1
6.0,1.0,1.0,1.0,2.0,3.0,1.0,1.0,1.0,3.0,2.0,0,2.0,3.0,2.0,1.0,1.0,1.0,2.0,2.0,3.0,3.0,1.0,1.0,1.0,3.0,1.0,4.0,1.0,2.0,1.0,1.0,2.0,1.0,2.0,1
2.0,1.0,1.0,3.0,2.0,1.0,4.0,1.0,2.0,3.0,2.0,0,2.0,3.0,2.0,1.0,1.0,1.0,2.0,2.0,3.0,3.0,1.0,1.0,1.0,3.0,1.0,4.0,1.0,2.0,1.0,1.0,2.0,1.0,2.0,1
2.0,2.0,1.0,1.0,2.0,2.0,4.0,2.0,2.0,1.0,2.0,0,2.0,3.0,2.0,1.0,1.0,1.0,2.0,2.0,3.0,3.0,1.0,1.0,1.0,3.0,1.0,4.0,1.0,2.0,1.0,1.0,2.0,1.0,2.0,1
7.0,2.0,1.0,1.0,2.0,3.0,4.0,2.0,2.0,0.0,2.0,0,2.0,3.0,2.0,1.0,1.0,1.0,2.0,2.0,3.0,3.0,1.0,1.0,1.0,3.0,1.0,4.0,1.0,2.0,1.0,1.0,2.0,1.0,2.0,1
3.0,2.0,1.0,3.0,2.0,1.0,2.0,2.0,2.0,1.0,2.0,0,2.0,3.0,2.0,1.0,1.0,1.0,2.0,2.0,3.0,3.0,1.0,1.0,1.0,3.0,1.0,4.0,1.0,2.0,1.0,1.0,2.0,1.0,2.0,1
7.0,2.0,1.0,3.0,2.0,4.0,3.0,1.0,1.0,1.0,2.0,0,2.0,3.0,2.0,2.0,1.0,1.0,2.0,2.0,3.0,3.0,1.0,1.0,1.0,3.0,1.0,4.0,1.0,2.0,1.0,1.0,2.0,1.0,2.0,1
7.0,2.0,1.0,1.0,2.0,4.0,1.0,1.0,1.0,0.0,2.0,0,2.0,3.0,2.0,1.0,1.0,1.0,2.0,2.0,3.0,3.0,1.0,1.0,1.0,3.0,1.0,4.0,1.0,2.0,1.0,1.0,2.0,1.0,2.0,1
2.0,2.0,1.0,1.0,2.0,4.0,1.0,2.0,2.0,3.0,2.0,0,2.0,3.0,2.0,1.0,1.0,1.0,2.0,2.0,3.0,3.0,1.0,1.0,1.0,3.0,1.0,4.0,1.0,2.0,1.0,1.0,2.0,1.0,2.0,1
7.0,1.0,1.0,3.0,2.0,2.0,4.0,1.0,1.0,3.0,2.0,0,2.0,3.0,2.0,2.0,1.0,1.0,2.0,2.0,3.0,3.0,1.0,1.0,1.0,3.0,1.0,4.0,1.0,2.0,1.0,1.0,2.0,1.0,2.0,1
6.0,2.0,1.0,3.0,2.0,3.0,1.0,1.0,2.0,0.0,2.0,0,2.0,3.0,2.0,2.0,1.0,1.0,2.0,2.0,3.0,3.0,1.0,1.0,1.0,3.0,1.0,4.0,1.0,2.0,1.0,1.0,2.0,1.0,2.0,1
7.0,2.0,1.0,3.0,2.0,1.0,4.0,1.0,2.0,1.0,2.0,0,2.0,3.0,2.0,1.0,1.0,1.0,2.0,2.0,3.0,3.0,1.0,1.0,1.0,3.0,1.0,4.0,1.0,2.0,1.0,1.0,2.0,1.0,2.0,1
6.0,2.0,1.0,3.0,2.0,1.0,4.0,1.0,2.0,0.0,2.0,0,2.0,3.0,2.0,1.0,1.0,1.0,2.0,2.0,3.0,3.0,1.0,1.0,1.0,3.0,1.0,4.0,1.0,2.0,1.0,1.0,2.0,1.0,2.0,1
7.0,1.0,1.0,1.0,2.0,3.0,1.0,2.0,2.0,3.0,2.0,0,2.0,3.0,2.0,1.0,1.0,1.0,2.0,2.0,3.0,3.0,1.0,1.0,1.0,3.0,1.0,4.0,1.0,2.0,1.0,1.0,2.0,1.0,2.0,1
7.0,2.0,1.0,3.0,2.0,2.0,2.0,1.0,1.0,1.0,2.0,0,2.0,3.0,2.0,2.0,1.0,1.0,2.0,2.0,3.0,3.0,1.0,1.0,1.0,3.0,1.0,4.0,1.0,2.0,1.0,1.0,2.0,1.0,2.0,1
6.0,2.0,1.0,3.0,2.0,4.0,3.0,1.0,1.0,0.0,2.0,0,2.0,3.0,2.0,2.0,1.0,1.0,2.0,2.0,3.0,3.0,1.0,1.0,1.0,3.0,1.0,4.0,1.0,2.0,1.0,1.0,2.0,1.0,2.0,1
6.0,2.0,3.0,1.0,2.0,2.0,4.0,1.0,2.0,1.0,2.0,0,2.0,3.0,2.0,1.0,1.0,1.0,1.0,2.0,1.0,2.0,2.0,2.0,1.0,3.0,1.0,1.0,2.0,1.0,1.0,1.0,2.0,1.0,2.0,12
2.0,2.0,3.0,1.0,2.0,4.0,1.0,1.0,1.0,0.0,2.0,0,2.0,3.0,2.0,1.0,1.0,1.0,2.0,2.0,3.0,3.0,1.0,1.0,1.0,3.0,1.0,4.0,1.0,2.0,1.0,1.0,2.0,1.0,2.0,12
7.0,2.0,3.0,3.0,2.0,3.0,1.0,1.0,2.0,1.0,2.0,0,2.0,3.0,2.0,1.0,1.0,1.0,1.0,2.0,1.0,1.0,1.0,2.0,1.0,3.0,1.0,4.0,1.0,2.0,1.0,1.0,2.0,1.0,2.0,12
7.0,1.0,1.0,3.0,2.0,2.0,3.0,1.0,2.0,3.0,2.0,0,2.0,3.0,2.0,1.0,1.0,1.0,2.0,2.0,3.0,3.0,1.0,1.0,1.0,3.0,1.0,4.0,1.0,2.0,1.0,1.0,2.0,1.0,2.0,12
6.0,1.0,1.0,1.0,2.0,2.0,4.0,1.0,1.0,3.0,2.0,0,2.0,3.0,2.0,1.0,1.0,1.0,1.0,2.0,1.0,2.0,1.0,2.0,1.0,3.0,1.0,1.0,3.0,2.0,1.0,1.0,2.0,1.0,2.0,12
2.0,2.0,3.0,3.0,2.0,2.0,4.0,2.0,1.0,1.0,2.0,0,2.0,3.0,2.0,1.0,1.0,1.0,2.0,2.0,3.0,3.0,1.0,1.0,1.0,3.0,1.0,4.0,1.0,2.0,1.0,1.0,2.0,1.0,2.0,12
3.0,2.0,1.0,3.0,2.0,3.0,4.0,1.0,1.0,0.0,2.0,0,2.0,3.0,2.0,1.0,1.0,1.0,1.0,2.0,1.0,2.0,1.0,2.0,1.0,3.0,1.0,1.0,3.0,2.0,1.0,1.0,2.0,1.0,2.0,12
7.0,2.0,1.0,1.0,2.0,3.0,3.0,1.0,2.0,0.0,2.0,0,2.0,3.0,2.0,1.0,1.0,1.0,1.0,2.0,1.0,2.0,1.0,2.0,1.0,3.0,1.0,1.0,3.0,2.0,1.0,1.0,2.0,1.0,2.0,12
7.0,2.0,1.0,3.0,2.0,4.0,1.0,2.0,1.0,1.0,2.0,0,2.0,3.0,2.0,1.0,1.0,1.0,2.0,2.0,3.0,3.0,1.0,1.0,1.0,3.0,1.0,4.0,1.0,2.0,1.0,1.0,2.0,1.0,2.0,12
7.0,2.0,1.0,1.0,2.0,3.0,4.0,1.0,1.0,0.0,2.0,0,2.0,3.0,2.0,1.0,1.0,1.0,1.0,2.0,1.0,2.0,1.0,2.0,1.0,3.0,1.0,1.0,3.0,2.0,1.0,1.0,2.0,1.0,2.0,12
7.0,2.0,1.0,3.0,2.0,1.0,1.0,1.0,1.0,0.0,2.0,0,2.0,3.0,2.0,1.0,1.0,1.0,1.0,2.0,1.0,2.0,1.0,2.0,1.0,3.0,1.0,1.0,3.0,2.0,1.0,1.0,2.0,1.0,2.0,12
2.0,2.0,1.0,3.0,2.0,3.0,4.0,1.0,1.0,1.0,2.0,0,2.0,3.0,2.0,1.0,1.0,1.0,2.0,2.0,3.0,3.0,1.0,1.0,1.0,3.0,1.0,4.0,1.0,2.0,1.0,1.0,2.0,1.0,2.0,12
2.0,2.0,1.0,1.0,2.0,4.0,1.0,2.0,1.0,1.0,2.0,0,2.0,3.0,2.0,1.0,1.0,1.0,1.0,2.0,1.0,2.0,1.0,2.0,1.0,3.0,1.0,1.0,3.0,2.0,1.0,1.0,2.0,1.0,2.0,12
2.0,2.0,1.0,3.0,2.0,3.0,1.0,2.0,1.0,0.0,2.0,0,2.0,3.0,2.0,1.0,1.0,1.0,1.0,2.0,1.0,1.0,1.0,2.0,1.0,3.0,1.0,1.0,3.0,2.0,1.0,1.0,2.0,1.0,2.0,12
3.0,1.0,1.0,3.0,2.0,2.0,3.0,2.0,2.0,3.0,2.0,0,2.0,3.0,2.0,1.0,1.0,1.0,1.0,2.0,1.0,2.0,1.0,2.0,1.0,3.0,1.0,1.0,3.0,2.0,1.0,1.0,2.0,1.0,2.0,12
7.0,2.0,1.0,3.0,2.0,2.0,2.0,2.0,2.0,0.0,2.0,0,2.0,3.0,2.0,1.0,1.0,1.0,1.0,2.0,1.0,1.0,1.0,2.0,1.0,3.0,1.0,1.0,3.0,2.0,1.0,1.0,2.0,1.0,2.0,12
7.0,2.0,1.0,1.0,2.0,4.0,1.0,1.0,1.0,1.0,2.0,0,2.0,3.0,2.0,1.0,1.0,1.0,1.0,2.0,1.0,2.0,1.0,2.0,1.0,3.0,1.0,1.0,3.0,2.0,1.0,1.0,2.0,1.0,2.0,12
2.0,2.0,1.0,1.0,2.0,4.0,3.0,2.0,2.0,1.0,2.0,0,2.0,3.0,2.0,1.0,1.0,1.0,1.0,2.0,1.0,2.0,1.0,2.0,1.0,3.0,1.0,1.0,3.0,2.0,1.0,1.0,2.0,1.0,2.0,12
7.0,2.0,1.0,1.0,2.0,3.0,1.0,1.0,1.0,0.0,2.0,0,2.0,3.0,2.0,1.0,1.0,1.0,1.0,2.0,1.0,2.0,1.0,2.0,1.0,3.0,1.0,1.0,3.0,2.0,1.0,1.0,2.0,1.0,2.0,12
7.0,2.0,1.0,3.0,2.0,2.0,2.0,2.0,2.0,1.0,2.0,0,2.0,3.0,2.0,1.0,1.0,1.0,1.0,2.0,1.0,1.0,1.0,2.0,1.0,3.0,1.0,1.0,3.0,2.0,1.0,1.0,2.0,1.0,2.0,12
3.0,2.0,1.0,3.0,2.0,4.0,3.0,2.0,2.0,0.0,2.0,0,2.0,3.0,2.0,1.0,1.0,1.0,2.0,2.0,3.0,3.0,1.0,1.0,1.0,3.0,1.0,4.0,1.0,2.0,1.0,1.0,2.0,1.0,2.0,12
6.0,2.0,3.0,1.0,2.0,2.0,4.0,1.0,1.0,1.0,2.0,0,2.0,3.0,2.0,1.0,1.0,1.0,1.0,2.0,1.0,2.0,2.0,1.0,1.0,3.0,1.0,1.0,2.0,1.0,1.0,2.0,1.0,2.0,2.0,12
7.0,2.0,3.0,3.0,2.0,4.0,4.0,2.0,3.0,1.0,2.0,0,2.0,3.0,2.0,1.0,1.0,1.0,1.0,2.0,1.0,3.0,2.0,1.0,1.0,3.0,1.0,1.0,3.0,2.0,1.0,1.0,2.0,1.0,2.0,12
7.0,2.0,1.0,3.0,2.0,2.0,3.0,2.0,2.0,1.0,2.0,0,2.0,3.0,2.0,1.0,1.0,1.0,1.0,2.0,1.0,1.0,1.0,2.0,1.0,3.0,1.0,1.0,3.0,2.0,1.0,1.0,2.0,1.0,2.0,12
7.0,1.0,1.0,3.0,2.0,2.0,4.0,1.0,1.0,3.0,2.0,0,2.0,3.0,2.0,1.0,1.0,1.0,2.0,2.0,3.0,3.0,1.0,1.0,1.0,3.0,1.0,4.0,1.0,2.0,1.0,1.0,2.0,1.0,2.0,12
3.0,1.0,1.0,3.0,2.0,2.0,2.0,2.0,2.0,3.0,2.0,0,2.0,3.0,2.0,1.0,1.0,1.0,2.0,2.0,3.0,3.0,1.0,1.0,1.0,3.0,1.0,4.0,1.0,2.0,1.0,1.0,2.0,1.0,2.0,12
6.0,1.0,1.0,1.0,2.0,2.0,1.0,1.0,1.0,3.0,2.0,0,2.0,3.0,2.0,1.0,1.0,1.0,1.0,2.0,1.0,2.0,1.0,2.0,1.0,3.0,1.0,1.0,3.0,2.0,1.0,1.0,2.0,1.0,2.0,12
2.0,2.0,1.0,3.0,2.0,4.0,3.0,2.0,2.0,0.0,2.0,0,2.0,3.0,2.0,1.0,1.0,1.0,2.0,2.0,3.0,3.0,1.0,1.0,1.0,3.0,1.0,4.0,1.0,2.0,1.0,1.0,2.0,1.0,2.0,12
2.0,2.0,1.0,1.0,2.0,4.0,2.0,2.0,2.0,1.0,2.0,0,2.0,3.0,2.0,1.0,1.0,1.0,1.0,2.0,1.0,2.0,1.0,2.0,1.0,3.0,1.0,1.0,3.0,2.0,1.0,1.0,2.0,1.0,2.0,12
6.0,1.0,1.0,1.0,2.0,2.0,2.0,1.0,2.0,3.0,2.0,0,2.0,3.0,2.0,1.0,1.0,1.0,1.0,2.0,1.0,2.0,1.0,2.0,1.0,3.0,1.0,1.0,3.0,2.0,1.0,1.0,2.0,1.0,2.0,12
7.0,1.0,1.0,1.0,2.0,2.0,4.0,1.0,1.0,3.0,2.0,0,2.0,3.0,2.0,1.0,1.0,1.0,1.0,2.0,1.0,2.0,1.0,2.0,1.0,3.0,1.0,1.0,3.0,2.0,1.0,1.0,2.0,1.0,2.0,12
2.0,2.0,1.0,3.0,2.0,1.0,1.0,2.0,1.0,1.0,2.0,0,2.0,3.0,2.0,1.0,1.0,1.0,2.0,2.0,3.0,3.0,1.0,1.0,1.0,3.0,1.0,4.0,1.0,2.0,1.0,1.0,2.0,1.0,2.0,12
2.0,2.0,1.0,3.0,2.0,3.0,4.0,2.0,1.0,0.0,2.0,0,2.0,3.0,2.0,1.0,1.0,1.0,1.0,2.0,1.0,1.0,1.0,2.0,1.0,3.0,1.0,1.0,3.0,2.0,1.0,1.0,2.0,1.0,2.0,12
2.0,1.0,3.0,1.0,2.0,4.0,1.0,1.0,3.0,3.0,1.0,0,2.0,3.0,2.0,1.0,1.0,1.0,2.0,2.0,3.0,3.0,1.0,1.0,1.0,3.0,1.0,4.0,1.0,2.0,1.0,1.0,2.0,1.0,2.0,12
2.0,2.0,1.0,3.0,2.0,3.0,2.0,1.0,2.0,0.0,2.0,0,2.0,3.0,2.0,1.0,1.0,1.0,2.0,2.0,3.0,3.0,1.0,1.0,1.0,3.0,1.0,4.0,1.0,2.0,1.0,1.0,2.0,1.0,2.0,12
7.0,1.0,1.0,3.0,2.0,4.0,3.0,2.0,2.0,3.0,2.0,0,2.0,3.0,2.0,1.0,1.0,1.0,2.0,2.0,3.0,3.0,1.0,1.0,1.0,3.0,1.0,4.0,1.0,2.0,1.0,1.0,2.0,1.0,2.0,12
2.0,2.0,1.0,1.0,2.0,4.0,4.0,2.0,1.0,1.0,2.0,0,2.0,3.0,2.0,1.0,1.0,1.0,1.0,2.0,1.0,2.0,1.0,2.0,1.0,3.0,1.0,1.0,3.0,2.0,1.0,1.0,2.0,1.0,2.0,12
7.0,2.0,1.0,3.0,2.0,4.0,3.0,1.0,2.0,1.0,2.0,0,2.0,3.0,2.0,1.0,1.0,1.0,1.0,2.0,1.0,2.0,1.0,2.0,1.0,3.0,1.0,1.0,3.0,2.0,1.0,1.0,2.0,1.0,2.0,12
7.0,2.0,1.0,1.0,2.0,3.0,2.0,1.0,2.0,0.0,2.0,0,2.0,3.0,2.0,1.0,1.0,1.0,1.0,2.0,1.0,2.0,1.0,2.0,1.0,3.0,1.0,1.0,3.0,2.0,1.0,1.0,2.0,1.0,2.0,12
7.0,1.0,1.0,3.0,2.0,3.0,4.0,1.0,1.0,3.0,2.0,0,2.0,3.0,2.0,1.0,1.0,1.0,1.0,2.0,1.0,2.0,1.0,2.0,1.0,3.0,1.0,1.0,3.0,2.0,1.0,1.0,2.0,1.0,2.0,12
7.0,2.0,1.0,1.0,0.0,2.0,4.0,0.0,0.0,1.0,2.0,1,0.0,0.0,0.0,0.0,0.0,0.0,1.0,0.0,3.0,3.0,2.0,1.0,1.0,3.0,1.0,1.0,2.0,2.0,2.0,2.0,1.0,2.0,0.0,9
6.0,2.0,1.0,1.0,0.0,3.0,4.0,0.0,0.0,0.0,2.0,1,0.0,0.0,0.0,0.0,0.0,0.0,1.0,0.0,3.0,3.0,2.0,1.0,1.0,3.0,1.0,1.0,2.0,1.0,2.0,2.0,1.0,2.0,0.0,9
7.0,2.0,1.0,1.0,0.0,2.0,4.0,0.0,0.0,1.0,2.0,1,0.0,0.0,0.0,0.0,0.0,0.0,1.0,0.0,3.0,3.0,2.0,1.0,1.0,3.0,1.0,1.0,2.0,1.0,2.0,2.0,1.0,2.0,0.0,9
5.0,1.0,3.0,1.0,0.0,2.0,2.0,0.0,0.0,3.0,2.0,1,0.0,0.0,0.0,0.0,0.0,0.0,1.0,0.0,3.0,3.0,2.0,1.0,1.0,3.0,1.0,1.0,2.0,2.0,2.0,2.0,1.0,2.0,0.0,9
7.0,0.0,1.0,1.0,0.0,3.0,4.0,0.0,0.0,2.0,2.0,1,0.0,0.0,0.0,0.0,0.0,0.0,1.0,0.0,3.0,3.0,2.0,1.0,1.0,3.0,1.0,1.0,2.0,1.0,2.0,2.0,1.0,2.0,0.0,9
7.0,2.0,1.0,1.0,0.0,3.0,4.0,0.0,0.0,1.0,2.0,1,0.0,0.0,0.0,0.0,0.0,0.0,1.0,0.0,3.0,3.0,2.0,1.0,1.0,3.0,1.0,1.0,2.0,1.0,2.0,2.0,1.0,2.0,0.0,9
4.0,0.0,0.0,0.0,0.0,3.0,1.0,0.0,0.0,2.0,1.0,0,0.0,0.0,0.0,0.0,0.0,0.0,2.0,0.0,0.0,0.0,0.0,0.0,0.0,0.0,0.0,3.0,0.0,1.0,1.0,0.0,1.0,0.0,1.0,8
3.0,0.0,0.0,0.0,0.0,2.0,3.0,0.0,0.0,2.0,1.0,0,0.0,0.0,0.0,0.0,0.0,0.0,2.0,0.0,0.0,0.0,0.0,0.0,0.0,0.0,0.0,3.0,0.0,1.0,1.0,0.0,1.0,0.0,1.0,8
2.0,0.0,0.0,0.0,0.0,2.0,3.0,0.0,0.0,2.0,1.0,0,0.0,0.0,0.0,0.0,0.0,0.0,2.0,0.0,0.0,0.0,0.0,0.0,0.0,0.0,0.0,3.0,0.0,1.0,1.0,0.0,1.0,0.0,1.0,8
3.0,0.0,0.0,0.0,0.0,3.0,1.0,0.0,0.0,2.0,1.0,0,0.0,0.0,0.0,0.0,0.0,0.0,2.0,0.0,0.0,0.0,0.0,0.0,0.0,0.0,0.0,3.0,0.0,1.0,1.0,0.0,1.0,0.0,1.0,8
3.0,0.0,0.0,0.0,0.0,3.0,1.0,0.0,0.0,2.0,1.0,0,0.0,0.0,0.0,0.0,0.0,0.0,2.0,0.0,0.0,0.0,0.0,0.0,0.0,0.0,0.0,3.0,0.0,1.0,1.0,0.0,1.0,0.0,1.0,8
2.0,0.0,0.0,0.0,0.0,3.0,1.0,0.0,0.0,2.0,1.0,0,0.0,0.0,0.0,0.0,0.0,0.0,2.0,0.0,0.0,0.0,0.0,0.0,0.0,0.0,0.0,3.0,0.0,1.0,1.0,0.0,1.0,0.0,1.0,8
0.0,0.0,0.0,0.0,0.0,0.0,0.0,0.0,0.0,2.0,0.0,0,1.0,1.0,1.0,0.0,2.0,0.0,0.0,0.0,0.0,0.0,0.0,0.0,0.0,0.0,0.0,0.0,0.0,0.0,0.0,0.0,0.0,0.0,0.0,0
6.0,2.0,1.0,3.0,2.0,4.0,2.0,2.0,2.0,3.0,1.0,0,1.0,1.0,1.0,1.0,1.0,1.0,1.0,2.0,1.0,1.0,2.0,2.0,1.0,3.0,1.0,4.0,4.0,2.0,1.0,1.0,2.0,1.0,2.0,10
3.0,2.0,1.0,3.0,2.0,3.0,2.0,3.0,1.0,0.0,1.0,0,1.0,1.0,1.0,1.0,1.0,1.0,1.0,2.0,1.0,3.0,2.0,2.0,1.0,3.0,1.0,4.0,4.0,2.0,1.0,1.0,2.0,1.0,2.0,10
2.0,2.0,1.0,3.0,2.0,2.0,2.0,3.0,2.0,3.0,1.0,0,1.0,1.0,1.0,1.0,1.0,1.0,1.0,2.0,1.0,1.0,2.0,2.0,1.0,3.0,1.0,4.0,4.0,2.0,1.0,1.0,2.0,1.0,2.0,10
7.0,2.0,1.0,3.0,2.0,4.0,2.0,2.0,2.0,0.0,1.0,0,1.0,1.0,1.0,1.0,1.0,1.0,1.0,2.0,1.0,3.0,2.0,2.0,1.0,3.0,1.0,4.0,4.0,2.0,1.0,1.0,2.0,1.0,2.0,10
3.0,2.0,1.0,3.0,2.0,2.0,2.0,2.0,2.0,0.0,1.0,0,1.0,1.0,1.0,1.0,1.0,1.0,1.0,2.0,1.0,3.0,2.0,2.0,1.0,3.0,1.0,4.0,4.0,2.0,1.0,1.0,2.0,1.0,2.0,10
7.0,2.0,1.0,3.0,2.0,3.0,2.0,2.0,1.0,1.0,1.0,0,1.0,1.0,1.0,1.0,1.0,1.0,1.0,2.0,1.0,3.0,2.0,2.0,1.0,3.0,1.0,4.0,4.0,2.0,1.0,1.0,2.0,1.0,2.0,10
7.0,2.0,1.0,3.0,2.0,2.0,1.0,2.0,1.0,3.0,1.0,0,1.0,1.0,1.0,1.0,1.0,1.0,1.0,1.0,1.0,3.0,2.0,2.0,1.0,3.0,1.0,4.0,4.0,2.0,1.0,1.0,2.0,1.0,2.0,10
3.0,2.0,1.0,3.0,2.0,3.0,1.0,2.0,2.0,0.0,1.0,0,1.0,1.0,1.0,1.0,1.0,1.0,1.0,1.0,1.0,3.0,2.0,2.0,1.0,3.0,1.0,4.0,4.0,2.0,1.0,1.0,2.0,1.0,2.0,10
2.0,2.0,1.0,3.0,2.0,2.0,2.0,2.0,1.0,3.0,1.0,0,1.0,1.0,1.0,1.0,1.0,1.0,1.0,1.0,1.0,3.0,2.0,2.0,1.0,3.0,1.0,4.0,4.0,2.0,1.0,1.0,2.0,1.0,2.0,10
6.0,2.0,1.0,3.0,2.0,2.0,2.0,2.0,1.0,0.0,1.0,0,1.0,1.0,1.0,1.0,1.0,1.0,1.0,1.0,1.0,1.0,2.0,2.0,1.0,3.0,1.0,4.0,4.0,2.0,1.0,1.0,2.0,1.0,2.0,10
2.0,2.0,2.0,3.0,2.0,3.0,4.0,2.0,1.0,0.0,1.0,0,1.0,1.0,1.0,1.0,1.0,1.0,1.0,2.0,3.0,4.0,1.0,1.0,1.0,1.0,2.0,4.0,4.0,2.0,1.0,1.0,2.0,1.0,2.0,7
7.0,2.0,2.0,1.0,2.0,2.0,3.0,2.0,2.0,3.0,1.0,0,1.0,1.0,1.0,1.0,1.0,1.0,1.0,2.0,3.0,4.0,1.0,1.0,1.0,1.0,2.0,4.0,4.0,2.0,1.0,1.0,2.0,1.0,2.0,7
2.0,2.0,2.0,1.0,2.0,2.0,4.0,2.0,1.0,0.0,1.0,0,1.0,1.0,1.0,1.0,1.0,1.0,1.0,2.0,3.0,4.0,1.0,1.0,1.0,1.0,2.0,4.0,4.0,2.0,1.0,1.0,2.0,1.0,2.0,7
7.0,2.0,2.0,1.0,2.0,1.0,3.0,2.0,2.0,3.0,1.0,0,1.0,1.0,1.0,1.0,1.0,1.0,1.0,2.0,3.0,4.0,1.0,1.0,1.0,1.0,2.0,4.0,4.0,2.0,1.0,1.0,2.0,1.0,2.0,7
7.0,2.0,2.0,1.0,1.0,3.0,3.0,2.0,2.0,3.0,1.0,0,1.0,1.0,1.0,1.0,1.0,1.0,1.0,1.0,3.0,4.0,1.0,1.0,1.0,1.0,2.0,4.0,4.0,2.0,1.0,1.0,2.0,1.0,2.0,7
3.0,2.0,2.0,1.0,1.0,1.0,3.0,2.0,2.0,0.0,1.0,0,1.0,1.0,1.0,1.0,1.0,1.0,1.0,2.0,3.0,4.0,1.0,1.0,1.0,1.0,2.0,4.0,4.0,2.0,1.0,1.0,2.0,1.0,2.0,7
2.0,2.0,2.0,1.0,1.0,4.0,4.0,2.0,1.0,3.0,1.0,0,1.0,1.0,1.0,1.0,1.0,1.0,1.0,2.0,3.0,4.0,1.0,1.0,1.0,1.0,2.0,4.0,4.0,2.0,1.0,1.0,2.0,1.0,2.0,7
7.0,2.0,2.0,1.0,1.0,3.0,3.0,2.0,2.0,1.0,1.0,0,1.0,1.0,1.0,1.0,1.0,1.0,1.0,2.0,3.0,4.0,1.0,1.0,1.0,1.0,2.0,4.0,4.0,2.0,1.0,1.0,2.0,1.0,2.0,7
6.0,2.0,2.0,1.0,1.0,2.0,4.0,2.0,1.0,0.0,1.0,0,1.0,1.0,1.0,1.0,1.0,1.0,1.0,2.0,3.0,4.0,1.0,1.0,1.0,1.0,2.0,4.0,4.0,2.0,1.0,1.0,2.0,1.0,2.0,7
6.0,2.0,2.0,1.0,1.0,2.0,4.0,2.0,1.0,1.0,1.0,0,1.0,1.0,1.0,1.0,1.0,1.0,1.0,2.0,3.0,4.0,1.0,1.0,1.0,1.0,2.0,4.0,4.0,2.0,1.0,1.0,2.0,1.0,2.0,7
1.0,1.0,1.0,2.0,2.0,1.0,1.0,2.0,2.0,0.0,1.0,1,1.0,1.0,1.0,1.0,1.0,1.0,1.0,2.0,4.0,1.0,1.0,2.0,1.0,3.0,1.0,2.0,4.0,2.0,1.0,1.0,2.0,1.0,3.0,18
1.0,1.0,1.0,2.0,2.0,2.0,1.0,3.0,2.0,3.0,1.0,1,1.0,1.0,1.0,1.0,1.0,1.0,1.0,2.0,4.0,1.0,1.0,2.0,1.0,3.0,1.0,2.0,4.0,2.0,1.0,1.0,2.0,1.0,2.0,18
1.0,1.0,1.0,2.0,2.0,3.0,1.0,2.0,1.0,0.0,1.0,1,1.0,1.0,1.0,1.0,1.0,1.0,1.0,2.0,4.0,1.0,1.0,2.0,1.0,3.0,1.0,2.0,4.0,2.0,1.0,1.0,2.0,1.0,2.0,18
4.0,1.0,1.0,2.0,2.0,1.0,1.0,2.0,2.0,0.0,1.0,1,1.0,1.0,1.0,1.0,1.0,1.0,1.0,2.0,4.0,1.0,1.0,2.0,1.0,3.0,1.0,2.0,4.0,2.0,1.0,1.0,2.0,1.0,2.0,18
5.0,1.0,1.0,2.0,2.0,3.0,1.0,2.0,2.0,0.0,1.0,1,1.0,1.0,1.0,1.0,1.0,1.0,1.0,2.0,4.0,1.0,1.0,2.0,1.0,3.0,1.0,2.0,4.0,2.0,1.0,1.0,2.0,1.0,2.0,18
4.0,1.0,1.0,2.0,2.0,2.0,1.0,3.0,2.0,0.0,1.0,1,1.0,1.0,1.0,1.0,1.0,1.0,1.0,2.0,4.0,1.0,1.0,2.0,1.0,3.0,1.0,2.0,4.0,2.0,1.0,1.0,2.0,1.0,2.0,18
4.0,1.0,1.0,2.0,2.0,3.0,1.0,2.0,2.0,3.0,1.0,1,1.0,1.0,1.0,1.0,1.0,1.0,1.0,2.0,4.0,1.0,1.0,2.0,2.0,3.0,1.0,2.0,4.0,2.0,1.0,1.0,2.0,1.0,2.0,18
2.0,2.0,1.0,2.0,1.0,1.0,1.0,3.0,2.0,3.0,1.0,0,1.0,1.0,1.0,1.0,1.0,1.0,1.0,1.0,4.0,1.0,1.0,2.0,2.0,3.0,1.0,2.0,4.0,2.0,1.0,1.0,2.0,1.0,2.0,18
1.0,1.0,1.0,2.0,2.0,4.0,1.0,2.0,1.0,0.0,1.0,1,1.0,1.0,1.0,1.0,1.0,1.0,1.0,2.0,4.0,1.0,1.0,2.0,2.0,3.0,1.0,2.0,4.0,2.0,1.0,1.0,2.0,1.0,2.0,18
4.0,1.0,1.0,2.0,2.0,2.0,1.0,3.0,2.0,3.0,1.0,1,1.0,1.0,1.0,1.0,1.0,1.0,1.0,2.0,4.0,1.0,1.0,2.0,2.0,3.0,1.0,2.0,4.0,2.0,1.0,1.0,2.0,1.0,2.0,18
4.0,1.0,3.0,2.0,2.0,2.0,1.0,3.0,2.0,3.0,1.0,0,1.0,1.0,1.0,1.0,1.0,1.0,1.0,2.0,4.0,2.0,1.0,1.0,1.0,3.0,1.0,2.0,4.0,2.0,1.0,1.0,2.0,1.0,2.0,15
5.0,1.0,1.0,2.0,2.0,2.0,1.0,2.0,1.0,3.0,1.0,0,1.0,1.0,1.0,1.0,1.0,1.0,1.0,2.0,2.0,2.0,1.0,1.0,1.0,3.0,1.0,2.0,4.0,2.0,1.0,1.0,2.0,1.0,2.0,15
4.0,1.0,1.0,3.0,1.0,2.0,1.0,3.0,1.0,3.0,1.0,0,1.0,1.0,1.0,1.0,1.0,1.0,1.0,2.0,2.0,2.0,1.0,2.0,1.0,3.0,1.0,2.0,4.0,2.0,1.0,1.0,2.0,1.0,2.0,15
5.0,1.0,1.0,3.0,1.0,3.0,4.0,2.0,1.0,0.0,1.0,0,1.0,1.0,1.0,1.0,1.0,1.0,1.0,2.0,2.0,2.0,1.0,2.0,1.0,3.0,1.0,2.0,4.0,2.0,1.0,1.0,2.0,1.0,2.0,15
3.0,1.0,3.0,3.0,0.0,3.0,1.0,0.0,0.0,2.0,1.0,0,1.0,1.0,1.0,1.0,1.0,1.0,1.0,0.0,1.0,2.0,0.0,1.0,1.0,3.0,1.0,0.0,0.0,0.0,0.0,0.0,0.0,0.0,3.0,15
3.0,1.0,3.0,3.0,0.0,2.0,1.0,0.0,0.0,2.0,1.0,0,1.0,1.0,1.0,1.0,1.0,1.0,1.0,0.0,2.0,2.0,0.0,1.0,1.0,3.0,1.0,0.0,0.0,0.0,0.0,0.0,0.0,0.0,3.0,15
1.0,1.0,1.0,1.0,0.0,2.0,1.0,0.0,0.0,2.0,1.0,0,0.0,0.0,0.0,0.0,0.0,0.0,1.0,0.0,1.0,2.0,0.0,1.0,1.0,3.0,1.0,0.0,0.0,0.0,0.0,0.0,0.0,0.0,3.0,15
5.0,1.0,1.0,3.0,0.0,3.0,1.0,0.0,0.0,2.0,1.0,0,0.0,0.0,0.0,0.0,0.0,0.0,1.0,0.0,4.0,2.0,0.0,1.0,1.0,3.0,1.0,0.0,0.0,0.0,0.0,0.0,0.0,0.0,3.0,15
5.0,1.0,1.0,3.0,0.0,1.0,1.0,0.0,0.0,2.0,1.0,0,0.0,0.0,0.0,0.0,0.0,0.0,1.0,0.0,3.0,2.0,0.0,3.0,1.0,3.0,1.0,0.0,0.0,0.0,0.0,0.0,0.0,0.0,3.0,15
2.0,1.0,3.0,1.0,0.0,2.0,1.0,0.0,0.0,2.0,1.0,0,0.0,0.0,0.0,0.0,0.0,0.0,1.0,0.0,1.0,2.0,0.0,1.0,1.0,3.0,1.0,0.0,0.0,0.0,0.0,0.0,0.0,0.0,3.0,15
5.0,1.0,1.0,1.0,0.0,3.0,1.0,0.0,0.0,2.0,1.0,0,0.0,0.0,0.0,0.0,0.0,0.0,1.0,0.0,4.0,2.0,0.0,3.0,1.0,3.0,1.0,0.0,0.0,0.0,0.0,0.0,0.0,0.0,3.0,15
4.0,1.0,1.0,3.0,0.0,2.0,1.0,0.0,0.0,2.0,1.0,0,0.0,0.0,0.0,0.0,0.0,0.0,1.0,0.0,4.0,2.0,0.0,1.0,1.0,3.0,1.0,0.0,0.0,0.0,0.0,0.0,0.0,0.0,3.0,15
3.0,1.0,1.0,1.0,0.0,3.0,1.0,0.0,0.0,2.0,1.0,0,0.0,0.0,0.0,0.0,0.0,0.0,1.0,0.0,1.0,2.0,0.0,1.0,1.0,3.0,1.0,0.0,0.0,0.0,0.0,0.0,0.0,0.0,3.0,15
2.0,1.0,3.0,3.0,0.0,2.0,1.0,0.0,0.0,2.0,1.0,0,0.0,0.0,0.0,0.0,0.0,0.0,1.0,0.0,1.0,2.0,0.0,1.0,1.0,3.0,1.0,0.0,0.0,0.0,0.0,0.0,0.0,0.0,3.0,15
5.0,1.0,1.0,3.0,0.0,3.0,1.0,0.0,0.0,2.0,1.0,0,0.0,0.0,0.0,0.0,0.0,0.0,1.0,0.0,4.0,2.0,0.0,3.0,1.0,3.0,1.0,0.0,0.0,0.0,0.0,0.0,0.0,0.0,3.0,15
5.0,1.0,1.0,3.0,0.0,2.0,1.0,0.0,0.0,2.0,1.0,0,0.0,0.0,0.0,0.0,0.0,0.0,1.0,0.0,1.0,2.0,0.0,3.0,1.0,3.0,1.0,0.0,0.0,0.0,0.0,0.0,0.0,0.0,3.0,15
5.0,1.0,1.0,1.0,0.0,4.0,1.0,0.0,0.0,2.0,1.0,0,0.0,0.0,0.0,0.0,0.0,0.0,1.0,0.0,1.0,2.0,0.0,3.0,1.0,3.0,1.0,0.0,0.0,0.0,0.0,0.0,0.0,0.0,3.0,15
4.0,1.0,3.0,1.0,0.0,3.0,1.0,0.0,0.0,2.0,1.0,0,0.0,0.0,0.0,0.0,0.0,0.0,1.0,0.0,4.0,2.0,0.0,3.0,1.0,3.0,1.0,0.0,0.0,0.0,0.0,0.0,0.0,0.0,3.0,15
3.0,1.0,3.0,3.0,0.0,2.0,1.0,0.0,0.0,2.0,1.0,0,0.0,0.0,0.0,0.0,0.0,0.0,1.0,0.0,2.0,2.0,0.0,1.0,1.0,3.0,1.0,0.0,0.0,0.0,0.0,0.0,0.0,0.0,3.0,15
3.0,1.0,3.0,3.0,0.0,4.0,1.0,0.0,0.0,2.0,1.0,0,0.0,0.0,0.0,0.0,0.0,0.0,1.0,0.0,1.0,2.0,0.0,1.0,1.0,3.0,1.0,0.0,0.0,0.0,0.0,0.0,0.0,0.0,3.0,15
5.0,1.0,1.0,1.0,0.0,4.0,1.0,0.0,0.0,2.0,1.0,0,0.0,0.0,0.0,0.0,0.0,0.0,1.0,0.0,3.0,2.0,0.0,3.0,1.0,3.0,1.0,0.0,0.0,0.0,0.0,0.0,0.0,0.0,3.0,15
4.0,1.0,1.0,1.0,0.0,3.0,1.0,0.0,0.0,2.0,1.0,0,0.0,0.0,0.0,0.0,0.0,0.0,1.0,0.0,2.0,2.0,0.0,1.0,1.0,3.0,1.0,0.0,0.0,0.0,0.0,0.0,0.0,0.0,3.0,15
3.0,1.0,3.0,3.0,0.0,2.0,1.0,0.0,0.0,2.0,1.0,0,0.0,0.0,0.0,0.0,0.0,0.0,1.0,0.0,1.0,2.0,0.0,1.0,1.0,3.0,1.0,0.0,0.0,0.0,0.0,0.0,0.0,0.0,3.0,15
2.0,1.0,3.0,3.0,0.0,3.0,1.0,0.0,0.0,2.0,1.0,0,0.0,0.0,0.0,0.0,0.0,0.0,1.0,0.0,1.0,2.0,0.0,1.0,1.0,3.0,1.0,0.0,0.0,0.0,0.0,0.0,0.0,0.0,3.0,15
5.0,1.0,1.0,1.0,0.0,2.0,1.0,0.0,0.0,2.0,1.0,0,0.0,0.0,0.0,0.0,0.0,0.0,1.0,0.0,3.0,2.0,0.0,3.0,1.0,3.0,1.0,0.0,0.0,0.0,0.0,0.0,0.0,0.0,3.0,15
4.0,1.0,1.0,1.0,0.0,3.0,1.0,0.0,0.0,2.0,1.0,0,0.0,0.0,0.0,0.0,0.0,0.0,1.0,0.0,2.0,2.0,0.0,1.0,1.0,3.0,1.0,0.0,0.0,0.0,0.0,0.0,0.0,0.0,3.0,15
3.0,1.0,3.0,3.0,0.0,2.0,1.0,0.0,0.0,2.0,1.0,0,0.0,0.0,0.0,0.0,0.0,0.0,1.0,0.0,1.0,2.0,0.0,1.0,1.0,3.0,1.0,0.0,0.0,0.0,0.0,0.0,0.0,0.0,3.0,15
2.0,1.0,3.0,3.0,0.0,3.0,1.0,0.0,0.0,2.0,1.0,0,0.0,0.0,0.0,0.0,0.0,0.0,1.0,0.0,1.0,2.0,0.0,1.0,1.0,3.0,1.0,0.0,0.0,0.0,0.0,0.0,0.0,0.0,3.0,15
5.0,1.0,1.0,1.0,0.0,2.0,1.0,0.0,0.0,2.0,1.0,0,0.0,0.0,0.0,0.0,0.0,0.0,1.0,0.0,3.0,2.0,0.0,3.0,1.0,3.0,1.0,0.0,0.0,0.0,0.0,0.0,0.0,0.0,3.0,15
4.0,1.0,1.0,1.0,0.0,3.0,1.0,0.0,0.0,2.0,1.0,0,0.0,0.0,0.0,0.0,0.0,0.0,1.0,0.0,2.0,2.0,0.0,1.0,1.0,3.0,1.0,0.0,0.0,0.0,0.0,0.0,0.0,0.0,3.0,15
3.0,1.0,3.0,3.0,0.0,2.0,1.0,0.0,0.0,2.0,1.0,0,0.0,0.0,0.0,0.0,0.0,0.0,1.0,0.0,1.0,2.0,0.0,1.0,1.0,3.0,1.0,0.0,0.0,0.0,0.0,0.0,0.0,0.0,3.0,15
5.0,1.0,1.0,1.0,0.0,3.0,1.0,0.0,0.0,2.0,1.0,0,0.0,0.0,0.0,0.0,0.0,0.0,1.0,0.0,3.0,2.0,0.0,3.0,1.0,3.0,1.0,0.0,0.0,0.0,0.0,0.0,0.0,0.0,3.0,15
4.0,1.0,1.0,3.0,0.0,2.0,1.0,0.0,0.0,2.0,1.0,0,0.0,0.0,0.0,0.0,0.0,0.0,1.0,0.0,2.0,2.0,0.0,1.0,1.0,3.0,1.0,0.0,0.0,0.0,0.0,0.0,0.0,0.0,3.0,15
3.0,1.0,1.0,3.0,0.0,4.0,1.0,0.0,0.0,2.0,1.0,0,0.0,0.0,0.0,0.0,0.0,0.0,1.0,0.0,1.0,2.0,0.0,1.0,1.0,3.0,1.0,0.0,0.0,0.0,0.0,0.0,0.0,0.0,3.0,15
5.0,1.0,1.0,1.0,0.0,3.0,1.0,0.0,0.0,2.0,1.0,0,0.0,0.0,0.0,0.0,0.0,0.0,1.0,0.0,3.0,2.0,0.0,3.0,1.0,3.0,1.0,0.0,0.0,0.0,0.0,0.0,0.0,0.0,3.0,15
4.0,1.0,1.0,1.0,0.0,2.0,1.0,0.0,0.0,2.0,1.0,0,0.0,0.0,0.0,0.0,0.0,0.0,1.0,0.0,2.0,2.0,0.0,1.0,1.0,3.0,1.0,0.0,0.0,0.0,0.0,0.0,0.0,0.0,3.0,15
3.0,1.0,3.0,3.0,0.0,3.0,1.0,0.0,0.0,2.0,1.0,0,0.0,0.0,0.0,0.0,0.0,0.0,1.0,0.0,1.0,2.0,0.0,1.0,1.0,3.0,1.0,0.0,0.0,0.0,0.0,0.0,0.0,0.0,3.0,15
2.0,1.0,3.0,3.0,0.0,2.0,1.0,0.0,0.0,2.0,1.0,0,0.0,0.0,0.0,0.0,0.0,0.0,1.0,0.0,1.0,2.0,0.0,1.0,1.0,3.0,1.0,0.0,0.0,0.0,0.0,0.0,0.0,0.0,3.0,15
5.0,1.0,1.0,3.0,0.0,3.0,1.0,0.0,0.0,2.0,1.0,0,0.0,0.0,0.0,0.0,0.0,0.0,1.0,0.0,2.0,2.0,0.0,3.0,1.0,3.0,1.0,0.0,0.0,0.0,0.0,0.0,0.0,0.0,3.0,15
4.0,1.0,1.0,3.0,0.0,2.0,1.0,0.0,0.0,2.0,1.0,0,0.0,0.0,0.0,0.0,0.0,0.0,1.0,0.0,1.0,2.0,0.0,1.0,1.0,3.0,1.0,0.0,0.0,0.0,0.0,0.0,0.0,0.0,3.0,15
3.0,1.0,3.0,3.0,0.0,4.0,1.0,0.0,0.0,2.0,1.0,0,0.0,0.0,0.0,0.0,0.0,0.0,1.0,0.0,1.0,2.0,0.0,1.0,1.0,3.0,1.0,0.0,0.0,0.0,0.0,0.0,0.0,0.0,3.0,15
2.0,1.0,3.0,3.0,0.0,4.0,1.0,0.0,0.0,2.0,1.0,0,0.0,0.0,0.0,0.0,0.0,0.0,1.0,0.0,1.0,2.0,0.0,1.0,1.0,3.0,1.0,0.0,0.0,0.0,0.0,0.0,0.0,0.0,3.0,15
5.0,1.0,1.0,1.0,0.0,3.0,1.0,0.0,0.0,2.0,1.0,0,0.0,0.0,0.0,0.0,0.0,0.0,1.0,0.0,2.0,2.0,0.0,3.0,1.0,3.0,1.0,0.0,0.0,0.0,0.0,0.0,0.0,0.0,3.0,15
4.0,1.0,1.0,1.0,0.0,2.0,1.0,0.0,0.0,2.0,1.0,0,0.0,0.0,0.0,0.0,0.0,0.0,1.0,0.0,1.0,2.0,0.0,1.0,1.0,3.0,1.0,0.0,0.0,0.0,0.0,0.0,0.0,0.0,3.0,15
3.0,1.0,3.0,3.0,0.0,3.0,1.0,0.0,0.0,2.0,1.0,0,0.0,0.0,0.0,0.0,0.0,0.0,1.0,0.0,1.0,2.0,0.0,1.0,1.0,3.0,1.0,0.0,0.0,0.0,0.0,0.0,0.0,0.0,3.0,15
4.0,1.0,3.0,3.0,0.0,2.0,1.0,0.0,0.0,2.0,1.0,0,0.0,0.0,0.0,0.0,0.0,0.0,1.0,0.0,1.0,2.0,0.0,1.0,1.0,3.0,1.0,0.0,0.0,0.0,0.0,0.0,0.0,0.0,3.0,15
3.0,1.0,3.0,3.0,0.0,3.0,1.0,0.0,0.0,2.0,1.0,0,0.0,0.0,0.0,0.0,0.0,0.0,1.0,0.0,1.0,2.0,0.0,1.0,1.0,3.0,1.0,0.0,0.0,0.0,0.0,0.0,0.0,0.0,3.0,15
3.0,1.0,3.0,3.0,0.0,2.0,1.0,0.0,0.0,2.0,1.0,0,0.0,0.0,0.0,0.0,0.0,0.0,1.0,0.0,1.0,2.0,0.0,1.0,1.0,3.0,1.0,0.0,0.0,0.0,0.0,0.0,0.0,0.0,3.0,15
3.0,2.0,2.0,2.0,1.0,4.0,2.0,3.0,2.0,1.0,1.0,0,2.0,3.0,2.0,1.0,1.0,1.0,1.0,1.0,3.0,4.0,1.0,1.0,1.0,2.0,1.0,4.0,4.0,2.0,1.0,1.0,2.0,1.0,2.0,6
2.0,2.0,3.0,2.0,1.0,3.0,3.0,2.0,1.0,0.0,1.0,1,1.0,1.0,1.0,1.0,1.0,1.0,1.0,1.0,3.0,4.0,1.0,1.0,1.0,2.0,1.0,4.0,4.0,2.0,1.0,1.0,2.0,1.0,2.0,6
3.0,2.0,2.0,2.0,1.0,2.0,3.0,3.0,2.0,0.0,1.0,0,2.0,3.0,2.0,1.0,1.0,1.0,1.0,1.0,3.0,4.0,1.0,1.0,1.0,2.0,1.0,4.0,4.0,2.0,1.0,1.0,2.0,1.0,2.0,6
7.0,2.0,2.0,3.0,1.0,2.0,2.0,2.0,2.0,1.0,1.0,0,2.0,3.0,1.0,1.0,1.0,1.0,1.0,1.0,3.0,4.0,1.0,1.0,1.0,2.0,1.0,4.0,4.0,2.0,1.0,1.0,2.0,1.0,2.0,6
6.0,2.0,2.0,3.0,1.0,3.0,1.0,2.0,1.0,0.0,1.0,0,2.0,3.0,2.0,1.0,1.0,1.0,1.0,1.0,3.0,4.0,1.0,1.0,1.0,2.0,1.0,4.0,4.0,2.0,1.0,1.0,2.0,1.0,2.0,6
2.0,2.0,3.0,2.0,1.0,2.0,3.0,3.0,2.0,3.0,1.0,1,1.0,1.0,1.0,1.0,1.0,1.0,1.0,1.0,3.0,4.0,1.0,1.0,1.0,2.0,1.0,4.0,4.0,2.0,1.0,1.0,2.0,1.0,2.0,6
7.0,2.0,2.0,1.0,2.0,3.0,4.0,2.0,2.0,3.0,2.0,0,1.0,1.0,1.0,1.0,1.0,1.0,1.0,2.0,3.0,3.0,1.0,1.0,1.0,2.0,1.0,4.0,1.0,2.0,1.0,1.0,2.0,1.0,2.0,6
7.0,2.0,2.0,3.0,2.0,4.0,2.0,2.0,1.0,1.0,2.0,0,1.0,1.0,1.0,1.0,1.0,1.0,1.0,2.0,3.0,3.0,1.0,1.0,1.0,2.0,1.0,4.0,1.0,2.0,1.0,1.0,2.0,1.0,2.0,6
2.0,2.0,2.0,3.0,2.0,2.0,3.0,2.0,2.0,0.0,2.0,0,1.0,1.0,1.0,1.0,1.0,1.0,1.0,2.0,3.0,3.0,1.0,1.0,1.0,2.0,1.0,4.0,1.0,2.0,1.0,1.0,2.0,1.0,2.0,6
7.0,2.0,2.0,3.0,2.0,3.0,4.0,2.0,2.0,3.0,2.0,0,1.0,1.0,1.0,1.0,1.0,1.0,1.0,2.0,3.0,3.0,1.0,1.0,1.0,2.0,1.0,4.0,1.0,2.0,1.0,1.0,2.0,1.0,2.0,6
7.0,2.0,2.0,3.0,2.0,3.0,3.0,2.0,1.0,0.0,2.0,0,1.0,1.0,1.0,1.0,1.0,1.0,1.0,2.0,3.0,3.0,1.0,1.0,1.0,2.0,1.0,4.0,1.0,2.0,1.0,1.0,2.0,1.0,2.0,6
3.0,1.0,3.0,2.0,2.0,3.0,2.0,3.0,2.0,3.0,1.0,1,1.0,1.0,1.0,1.0,1.0,1.0,1.0,1.0,3.0,4.0,1.0,1.0,1.0,2.0,1.0,4.0,4.0,2.0,1.0,1.0,2.0,1.0,2.0,6
7.0,1.0,3.0,3.0,2.0,3.0,4.0,3.0,2.0,1.0,1.0,1,1.0,1.0,1.0,1.0,1.0,1.0,1.0,1.0,3.0,4.0,1.0,1.0,1.0,2.0,1.0,4.0,4.0,2.0,1.0,1.0,2.0,1.0,2.0,6
2.0,1.0,2.0,2.0,2.0,3.0,3.0,3.0,2.0,0.0,1.0,0,2.0,3.0,2.0,1.0,1.0,1.0,1.0,2.0,3.0,4.0,1.0,1.0,1.0,2.0,1.0,4.0,4.0,2.0,1.0,1.0,2.0,1.0,2.0,6
7.0,1.0,3.0,2.0,2.0,2.0,4.0,2.0,1.0,3.0,1.0,1,1.0,1.0,1.0,1.0,1.0,1.0,1.0,1.0,3.0,4.0,1.0,1.0,1.0,2.0,1.0,4.0,4.0,2.0,1.0,1.0,2.0,1.0,2.0,6
2.0,1.0,3.0,2.0,2.0,2.0,1.0,2.0,1.0,1.0,1.0,1,1.0,1.0,1.0,1.0,1.0,1.0,1.0,2.0,3.0,4.0,1.0,1.0,1.0,2.0,1.0,4.0,4.0,2.0,1.0,1.0,2.0,1.0,2.0,6
6.0,1.0,3.0,3.0,2.0,2.0,4.0,2.0,1.0,0.0,1.0,1,1.0,1.0,1.0,1.0,1.0,1.0,1.0,1.0,3.0,4.0,1.0,1.0,1.0,2.0,1.0,4.0,4.0,2.0,1.0,1.0,2.0,1.0,2.0,6
3.0,2.0,2.0,3.0,2.0,3.0,3.0,2.0,2.0,0.0,2.0,0,1.0,1.0,1.0,1.0,1.0,1.0,1.0,2.0,3.0,3.0,1.0,1.0,1.0,2.0,1.0,4.0,1.0,2.0,1.0,1.0,2.0,1.0,2.0,6
7.0,2.0,2.0,1.0,2.0,2.0,2.0,2.0,2.0,3.0,2.0,0,1.0,1.0,1.0,1.0,1.0,1.0,1.0,2.0,3.0,3.0,1.0,1.0,1.0,2.0,1.0,4.0,1.0,2.0,1.0,1.0,2.0,1.0,2.0,6
3.0,2.0,2.0,3.0,2.0,3.0,3.0,2.0,1.0,0.0,2.0,0,1.0,1.0,1.0,1.0,1.0,1.0,1.0,2.0,3.0,3.0,1.0,1.0,1.0,2.0,1.0,4.0,1.0,2.0,1.0,1.0,2.0,1.0,2.0,6
2.0,2.0,2.0,3.0,2.0,4.0,4.0,2.0,2.0,1.0,2.0,0,1.0,1.0,1.0,1.0,1.0,1.0,1.0,2.0,3.0,3.0,1.0,1.0,1.0,2.0,1.0,4.0,1.0,2.0,1.0,1.0,2.0,1.0,2.0,6
7.0,2.0,2.0,1.0,2.0,3.0,2.0,2.0,1.0,1.0,2.0,0,1.0,1.0,1.0,1.0,1.0,1.0,1.0,2.0,3.0,3.0,1.0,1.0,1.0,2.0,1.0,4.0,1.0,2.0,1.0,1.0,2.0,1.0,2.0,6
2.0,2.0,2.0,3.0,2.0,4.0,2.0,2.0,2.0,1.0,2.0,0,1.0,1.0,1.0,1.0,1.0,1.0,1.0,2.0,3.0,3.0,1.0,1.0,1.0,2.0,1.0,4.0,1.0,2.0,1.0,1.0,2.0,1.0,2.0,6
7.0,2.0,2.0,1.0,2.0,2.0,3.0,2.0,1.0,0.0,2.0,0,1.0,1.0,1.0,1.0,1.0,1.0,1.0,2.0,3.0,3.0,1.0,1.0,1.0,2.0,1.0,4.0,1.0,2.0,1.0,1.0,2.0,1.0,2.0,6
5.0,2.0,2.0,2.0,1.0,1.0,2.0,1.0,2.0,1.0,2.0,0,1.0,1.0,1.0,1.0,1.0,3.0,2.0,2.0,3.0,3.0,1.0,1.0,1.0,3.0,1.0,4.0,1.0,2.0,1.0,1.0,2.0,1.0,2.0,16
4.0,2.0,3.0,3.0,1.0,4.0,1.0,2.0,1.0,0.0,2.0,0,1.0,1.0,1.0,1.0,1.0,3.0,2.0,2.0,3.0,3.0,1.0,1.0,1.0,3.0,1.0,4.0,1.0,2.0,1.0,1.0,2.0,1.0,2.0,16
3.0,2.0,1.0,2.0,1.0,3.0,3.0,1.0,2.0,3.0,2.0,0,1.0,1.0,1.0,1.0,1.0,3.0,2.0,2.0,3.0,3.0,1.0,1.0,1.0,3.0,1.0,4.0,1.0,2.0,1.0,1.0,2.0,1.0,2.0,16
2.0,2.0,2.0,3.0,1.0,2.0,4.0,2.0,2.0,1.0,2.0,0,1.0,1.0,1.0,1.0,1.0,3.0,2.0,2.0,3.0,3.0,1.0,1.0,1.0,3.0,1.0,4.0,1.0,2.0,1.0,1.0,2.0,1.0,2.0,16
7.0,2.0,3.0,2.0,1.0,1.0,2.0,1.0,2.0,0.0,2.0,0,1.0,1.0,1.0,1.0,1.0,3.0,2.0,2.0,3.0,3.0,1.0,1.0,1.0,3.0,1.0,4.0,1.0,2.0,1.0,1.0,2.0,1.0,2.0,16
2.0,2.0,3.0,2.0,1.0,3.0,3.0,1.0,1.0,1.0,2.0,0,1.0,1.0,1.0,1.0,1.0,3.0,2.0,2.0,3.0,3.0,1.0,1.0,1.0,3.0,1.0,4.0,1.0,2.0,1.0,1.0,2.0,1.0,2.0,16
3.0,1.0,2.0,3.0,2.0,2.0,4.0,2.0,1.0,3.0,2.0,0,1.0,1.0,1.0,1.0,1.0,3.0,2.0,2.0,3.0,3.0,1.0,1.0,1.0,3.0,1.0,4.0,1.0,2.0,1.0,1.0,2.0,1.0,2.0,16
2.0,1.0,3.0,2.0,2.0,1.0,2.0,1.0,3.0,1.0,2.0,0,1.0,1.0,1.0,1.0,1.0,3.0,2.0,2.0,3.0,3.0,1.0,1.0,1.0,3.0,1.0,4.0,1.0,2.0,1.0,1.0,2.0,1.0,2.0,16
4.0,1.0,3.0,2.0,2.0,1.0,2.0,1.0,2.0,0.0,2.0,0,1.0,1.0,1.0,1.0,1.0,3.0,2.0,2.0,3.0,3.0,1.0,1.0,1.0,3.0,1.0,4.0,1.0,2.0,1.0,1.0,2.0,1.0,2.0,16
7.0,1.0,2.0,3.0,2.0,2.0,4.0,2.0,2.0,0.0,2.0,0,1.0,1.0,1.0,1.0,1.0,3.0,2.0,2.0,3.0,3.0,1.0,1.0,1.0,3.0,1.0,4.0,1.0,2.0,1.0,1.0,2.0,1.0,2.0,16
3.0,2.0,1.0,2.0,1.0,3.0,3.0,2.0,2.0,0.0,2.0,0,3.0,3.0,2.0,1.0,1.0,2.0,2.0,2.0,3.0,3.0,1.0,1.0,1.0,3.0,1.0,4.0,1.0,1.0,2.0,1.0,2.0,1.0,2.0,11
2.0,2.0,1.0,3.0,1.0,2.0,4.0,2.0,1.0,3.0,2.0,0,2.0,3.0,2.0,1.0,2.0,2.0,2.0,2.0,3.0,3.0,1.0,1.0,1.0,3.0,1.0,4.0,1.0,1.0,2.0,1.0,2.0,1.0,2.0,11
7.0,2.0,1.0,3.0,1.0,4.0,2.0,2.0,2.0,0.0,2.0,0,3.0,3.0,2.0,1.0,1.0,2.0,2.0,2.0,3.0,3.0,1.0,1.0,1.0,3.0,1.0,4.0,1.0,1.0,2.0,1.0,2.0,1.0,2.0,11
4.0,2.0,1.0,2.0,1.0,1.0,4.0,2.0,1.0,3.0,2.0,0,2.0,3.0,2.0,1.0,1.0,2.0,2.0,2.0,3.0,3.0,1.0,1.0,1.0,3.0,1.0,4.0,1.0,1.0,2.0,1.0,2.0,1.0,2.0,11
3.0,2.0,1.0,3.0,1.0,4.0,2.0,2.0,2.0,0.0,2.0,0,2.0,3.0,2.0,1.0,2.0,2.0,2.0,2.0,3.0,3.0,1.0,1.0,1.0,3.0,1.0,4.0,1.0,1.0,2.0,1.0,2.0,1.0,2.0,11
6.0,1.0,1.0,2.0,2.0,4.0,4.0,1.0,1.0,3.0,2.0,0,2.0,3.0,2.0,1.0,2.0,2.0,2.0,2.0,3.0,3.0,1.0,1.0,1.0,3.0,1.0,4.0,1.0,1.0,2.0,1.0,2.0,1.0,2.0,11
3.0,1.0,1.0,1.0,2.0,2.0,1.0,2.0,1.0,3.0,2.0,0,3.0,3.0,2.0,1.0,1.0,2.0,2.0,2.0,3.0,3.0,1.0,1.0,1.0,3.0,1.0,4.0,1.0,1.0,2.0,1.0,2.0,1.0,2.0,11
7.0,1.0,1.0,3.0,2.0,3.0,4.0,1.0,1.0,3.0,2.0,0,3.0,3.0,2.0,1.0,1.0,2.0,2.0,2.0,3.0,3.0,1.0,1.0,1.0,3.0,1.0,4.0,1.0,1.0,2.0,1.0,2.0,1.0,2.0,11
3.0,1.0,1.0,3.0,2.0,4.0,1.0,1.0,1.0,3.0,2.0,0,2.0,3.0,2.0,1.0,1.0,2.0,2.0,2.0,3.0,3.0,1.0,1.0,1.0,3.0,1.0,4.0,1.0,1.0,2.0,1.0,2.0,1.0,2.0,11
7.0,1.0,1.0,2.0,2.0,2.0,4.0,1.0,1.0,3.0,2.0,0,2.0,3.0,2.0,1.0,1.0,2.0,2.0,2.0,3.0,3.0,1.0,1.0,1.0,3.0,1.0,4.0,1.0,1.0,2.0,1.0,2.0,1.0,2.0,11
5.0,1.0,1.0,3.0,2.0,2.0,3.0,2.0,2.0,3.0,2.0,0,2.0,3.0,2.0,1.0,1.0,1.0,1.0,2.0,1.0,1.0,2.0,1.0,1.0,3.0,1.0,4.0,1.0,2.0,1.0,1.0,2.0,1.0,2.0,5
4.0,2.0,1.0,3.0,2.0,4.0,1.0,2.0,2.0,1.0,2.0,0,2.0,3.0,2.0,2.0,1.0,1.0,2.0,2.0,3.0,3.0,1.0,1.0,1.0,3.0,1.0,4.0,1.0,2.0,1.0,1.0,2.0,1.0,2.0,5
3.0,2.0,1.0,3.0,2.0,3.0,4.0,2.0,2.0,0.0,2.0,0,2.0,3.0,2.0,1.0,1.0,1.0,2.0,2.0,3.0,3.0,1.0,1.0,1.0,3.0,1.0,4.0,1.0,2.0,1.0,1.0,2.0,1.0,2.0,5
4.0,1.0,1.0,3.0,2.0,2.0,4.0,2.0,2.0,3.0,2.0,0,2.0,3.0,2.0,2.0,1.0,1.0,2.0,2.0,3.0,3.0,1.0,1.0,1.0,3.0,1.0,4.0,1.0,2.0,1.0,1.0,2.0,1.0,2.0,5
4.0,2.0,1.0,3.0,2.0,3.0,3.0,2.0,2.0,0.0,2.0,0,2.0,3.0,2.0,2.0,1.0,1.0,1.0,2.0,1.0,1.0,2.0,1.0,1.0,3.0,1.0,4.0,1.0,2.0,1.0,1.0,2.0,1.0,2.0,5
7.0,2.0,1.0,3.0,2.0,3.0,4.0,3.0,1.0,0.0,2.0,0,2.0,3.0,2.0,1.0,1.0,1.0,1.0,2.0,3.0,4.0,2.0,2.0,1.0,3.0,1.0,4.0,1.0,2.0,1.0,1.0,2.0,1.0,2.0,5
4.0,2.0,1.0,3.0,2.0,2.0,4.0,2.0,1.0,0.0,2.0,0,2.0,3.0,2.0,2.0,1.0,1.0,2.0,2.0,3.0,3.0,1.0,1.0,1.0,3.0,1.0,4.0,1.0,2.0,1.0,1.0,2.0,1.0,2.0,5
5.0,2.0,1.0,3.0,2.0,3.0,4.0,2.0,3.0,0.0,2.0,0,2.0,3.0,2.0,2.0,1.0,1.0,2.0,2.0,3.0,3.0,1.0,1.0,1.0,3.0,1.0,4.0,1.0,2.0,1.0,1.0,2.0,1.0,2.0,5
4.0,1.0,3.0,3.0,1.0,3.0,3.0,2.0,1.0,3.0,1.0,0,2.0,3.0,2.0,1.0,1.0,1.0,2.0,2.0,3.0,3.0,1.0,1.0,1.0,3.0,1.0,4.0,1.0,2.0,1.0,1.0,2.0,1.0,2.0,5
3.0,1.0,1.0,1.0,1.0,4.0,1.0,1.0,3.0,0.0,2.0,0,2.0,3.0,2.0,1.0,1.0,1.0,1.0,2.0,1.0,1.0,1.0,1.0,1.0,3.0,1.0,1.0,2.0,2.0,1.0,1.0,2.0,1.0,2.0,5
1.0,2.0,3.0,3.0,2.0,1.0,2.0,1.0,2.0,1.0,2.0,0,2.0,3.0,2.0,1.0,1.0,1.0,2.0,2.0,3.0,3.0,1.0,1.0,1.0,3.0,1.0,4.0,1.0,2.0,1.0,1.0,2.0,1.0,2.0,5
5.0,2.0,1.0,1.0,2.0,4.0,1.0,1.0,1.0,0.0,1.0,0,2.0,3.0,2.0,1.0,1.0,1.0,2.0,2.0,3.0,3.0,1.0,1.0,1.0,3.0,1.0,4.0,1.0,2.0,1.0,1.0,2.0,1.0,2.0,5
4.0,2.0,3.0,3.0,2.0,3.0,3.0,2.0,3.0,3.0,2.0,0,2.0,3.0,2.0,1.0,1.0,1.0,2.0,2.0,3.0,3.0,1.0,1.0,1.0,3.0,1.0,4.0,1.0,2.0,1.0,1.0,2.0,1.0,2.0,5
3.0,2.0,1.0,1.0,2.0,2.0,4.0,1.0,2.0,0.0,1.0,0,2.0,3.0,2.0,1.0,1.0,1.0,1.0,2.0,1.0,1.0,1.0,1.0,1.0,3.0,1.0,4.0,3.0,2.0,1.0,1.0,2.0,1.0,2.0,5
2.0,2.0,3.0,3.0,2.0,4.0,2.0,2.0,1.0,3.0,2.0,0,2.0,3.0,2.0,1.0,1.0,1.0,1.0,2.0,1.0,1.0,2.0,1.0,1.0,3.0,1.0,1.0,2.0,2.0,1.0,1.0,2.0,1.0,2.0,5
1.0,2.0,1.0,1.0,2.0,3.0,1.0,2.0,3.0,0.0,1.0,0,2.0,3.0,2.0,1.0,1.0,1.0,2.0,2.0,3.0,3.0,1.0,1.0,1.0,3.0,1.0,4.0,1.0,2.0,1.0,1.0,2.0,1.0,2.0,5
5.0,2.0,3.0,3.0,2.0,2.0,3.0,1.0,2.0,3.0,2.0,0,2.0,3.0,2.0,1.0,1.0,1.0,2.0,2.0,3.0,3.0,1.0,1.0,1.0,3.0,1.0,4.0,1.0,2.0,1.0,1.0,2.0,1.0,2.0,5
4.0,2.0,1.0,1.0,2.0,4.0,4.0,1.0,1.0,0.0,2.0,0,2.0,3.0,2.0,1.0,1.0,1.0,2.0,2.0,3.0,3.0,1.0,1.0,1.0,3.0,1.0,4.0,1.0,2.0,1.0,1.0,2.0,1.0,2.0,5
1.0,2.0,3.0,3.0,2.0,3.0,2.0,1.0,3.0,3.0,1.0,0,2.0,3.0,2.0,1.0,1.0,1.0,2.0,2.0,3.0,3.0,1.0,1.0,1.0,3.0,1.0,4.0,1.0,2.0,1.0,1.0,2.0,1.0,2.0,5
5.0,1.0,1.0,1.0,1.0,2.0,1.0,1.0,2.0,0.0,2.0,0,2.0,3.0,2.0,1.0,1.0,1.0,2.0,2.0,3.0,3.0,1.0,1.0,1.0,3.0,1.0,4.0,1.0,2.0,1.0,1.0,2.0,1.0,2.0,5
5.0,2.0,1.0,3.0,2.0,4.0,1.0,2.0,2.0,1.0,2.0,0,2.0,3.0,2.0,1.0,1.0,1.0,2.0,2.0,3.0,3.0,1.0,1.0,1.0,3.0,1.0,4.0,1.0,2.0,1.0,1.0,2.0,1.0,2.0,5
4.0,2.0,1.0,3.0,2.0,3.0,3.0,2.0,2.0,0.0,2.0,0,2.0,3.0,2.0,2.0,1.0,1.0,2.0,2.0,3.0,3.0,1.0,1.0,1.0,3.0,1.0,4.0,1.0,2.0,1.0,1.0,2.0,1.0,2.0,5
3.0,1.0,1.0,3.0,2.0,2.0,4.0,2.0,2.0,3.0,2.0,0,2.0,3.0,2.0,1.0,1.0,1.0,1.0,2.0,1.0,1.0,2.0,1.0,1.0,3.0,1.0,4.0,1.0,2.0,1.0,1.0,2.0,1.0,2.0,5
2.0,2.0,1.0,3.0,2.0,3.0,1.0,2.0,2.0,1.0,2.0,0,2.0,3.0,2.0,2.0,1.0,1.0,1.0,2.0,1.0,1.0,2.0,1.0,1.0,3.0,1.0,4.0,1.0,2.0,1.0,1.0,2.0,1.0,2.0,5
7.0,2.0,1.0,3.0,2.0,2.0,3.0,2.0,2.0,0.0,2.0,0,2.0,3.0,2.0,1.0,1.0,1.0,1.0,2.0,1.0,1.0,2.0,1.0,1.0,3.0,1.0,4.0,1.0,2.0,1.0,1.0,2.0,1.0,2.0,5
5.0,1.0,1.0,3.0,2.0,3.0,4.0,2.0,2.0,3.0,2.0,0,2.0,3.0,2.0,2.0,1.0,1.0,2.0,2.0,3.0,3.0,1.0,1.0,1.0,3.0,1.0,4.0,1.0,2.0,1.0,1.0,2.0,1.0,2.0,5
4.0,2.0,1.0,3.0,2.0,2.0,4.0,2.0,2.0,1.0,2.0,0,2.0,3.0,2.0,2.0,1.0,1.0,2.0,2.0,3.0,3.0,1.0,1.0,1.0,3.0,1.0,4.0,1.0,2.0,1.0,1.0,2.0,1.0,2.0,5
3.0,2.0,1.0,3.0,2.0,3.0,4.0,2.0,2.0,0.0,2.0,0,2.0,3.0,2.0,1.0,1.0,1.0,1.0,2.0,1.0,1.0,2.0,1.0,1.0,3.0,1.0,4.0,1.0,2.0,1.0,1.0,2.0,1.0,2.0,5
5.0,1.0,1.0,3.0,2.0,2.0,4.0,2.0,2.0,3.0,2.0,0,2.0,3.0,2.0,2.0,1.0,1.0,2.0,2.0,3.0,3.0,1.0,1.0,1.0,3.0,1.0,4.0,1.0,2.0,1.0,1.0,2.0,1.0,2.0,5
4.0,2.0,1.0,3.0,2.0,4.0,1.0,2.0,2.0,1.0,2.0,0,2.0,3.0,2.0,2.0,1.0,1.0,2.0,2.0,3.0,3.0,1.0,1.0,1.0,3.0,1.0,4.0,1.0,2.0,1.0,1.0,2.0,1.0,2.0,5
3.0,2.0,1.0,3.0,2.0,3.0,3.0,2.0,2.0,0.0,2.0,0,2.0,3.0,2.0,1.0,1.0,1.0,1.0,2.0,1.0,1.0,2.0,1.0,1.0,3.0,1.0,4.0,1.0,2.0,1.0,1.0,2.0,1.0,2.0,5
5.0,1.0,1.0,3.0,2.0,2.0,4.0,2.0,2.0,3.0,2.0,0,2.0,3.0,2.0,2.0,1.0,1.0,2.0,2.0,3.0,3.0,1.0,1.0,1.0,3.0,1.0,4.0,1.0,2.0,1.0,1.0,2.0,1.0,2.0,5
4.0,2.0,1.0,3.0,2.0,3.0,4.0,2.0,2.0,1.0,2.0,0,2.0,3.0,2.0,2.0,1.0,1.0,2.0,2.0,3.0,3.0,1.0,1.0,1.0,3.0,1.0,4.0,1.0,2.0,1.0,1.0,2.0,1.0,2.0,5
3.0,2.0,1.0,3.0,2.0,2.0,4.0,2.0,2.0,0.0,2.0,0,2.0,3.0,2.0,2.0,1.0,1.0,1.0,2.0,1.0,1.0,2.0,1.0,1.0,3.0,1.0,4.0,1.0,2.0,1.0,1.0,2.0,1.0,2.0,5
5.0,1.0,1.0,3.0,2.0,3.0,1.0,2.0,2.0,3.0,2.0,0,2.0,3.0,2.0,2.0,1.0,1.0,2.0,2.0,3.0,3.0,1.0,1.0,1.0,3.0,1.0,4.0,1.0,2.0,1.0,1.0,2.0,1.0,2.0,5
4.0,2.0,1.0,3.0,2.0,2.0,3.0,2.0,2.0,1.0,2.0,0,2.0,3.0,2.0,2.0,1.0,1.0,2.0,2.0,3.0,3.0,1.0,1.0,1.0,3.0,1.0,4.0,1.0,2.0,1.0,1.0,2.0,1.0,2.0,5
3.0,2.0,1.0,3.0,2.0,3.0,4.0,2.0,2.0,0.0,2.0,0,2.0,3.0,2.0,1.0,1.0,1.0,1.0,2.0,1.0,1.0,2.0,1.0,1.0,3.0,1.0,4.0,1.0,2.0,1.0,1.0,2.0,1.0,2.0,5
2.0,1.0,1.0,3.0,2.0,2.0,1.0,2.0,2.0,3.0,2.0,0,2.0,3.0,2.0,1.0,1.0,1.0,1.0,2.0,1.0,1.0,2.0,1.0,1.0,3.0,1.0,4.0,1.0,2.0,1.0,1.0,2.0,1.0,2.0,5
7.0,2.0,1.0,3.0,2.0,4.0,3.0,2.0,2.0,1.0,2.0,0,2.0,3.0,2.0,1.0,1.0,1.0,1.0,2.0,1.0,1.0,2.0,1.0,1.0,3.0,1.0,4.0,1.0,2.0,1.0,1.0,2.0,1.0,2.0,5
5.0,2.0,1.0,3.0,2.0,3.0,4.0,2.0,2.0,0.0,2.0,0,2.0,3.0,2.0,2.0,1.0,1.0,2.0,2.0,3.0,3.0,1.0,1.0,1.0,3.0,1.0,4.0,1.0,2.0,1.0,1.0,2.0,1.0,2.0,5
4.0,1.0,1.0,3.0,2.0,2.0,4.0,2.0,2.0,3.0,2.0,0,2.0,3.0,2.0,2.0,1.0,1.0,2.0,2.0,3.0,3.0,1.0,1.0,1.0,3.0,1.0,4.0,1.0,2.0,1.0,1.0,2.0,1.0,2.0,5
3.0,2.0,1.0,3.0,2.0,3.0,1.0,2.0,2.0,1.0,2.0,0,2.0,3.0,2.0,1.0,1.0,1.0,1.0,2.0,1.0,1.0,2.0,1.0,1.0,3.0,1.0,4.0,1.0,2.0,1.0,1.0,2.0,1.0,2.0,5
2.0,2.0,1.0,3.0,2.0,2.0,4.0,2.0,2.0,0.0,2.0,0,2.0,3.0,2.0,1.0,1.0,1.0,1.0,2.0,1.0,1.0,2.0,1.0,1.0,3.0,1.0,4.0,1.0,2.0,1.0,1.0,2.0,1.0,2.0,5
7.0,1.0,1.0,3.0,2.0,2.0,4.0,2.0,2.0,3.0,2.0,0,2.0,3.0,2.0,1.0,1.0,1.0,1.0,2.0,1.0,1.0,2.0,1.0,1.0,3.0,1.0,4.0,1.0,2.0,1.0,1.0,2.0,1.0,2.0,5
5.0,2.0,1.0,3.0,2.0,4.0,1.0,2.0,2.0,1.0,2.0,0,2.0,3.0,2.0,1.0,1.0,1.0,2.0,2.0,3.0,3.0,1.0,1.0,1.0,3.0,1.0,4.0,1.0,2.0,1.0,1.0,2.0,1.0,2.0,5
4.0,2.0,1.0,3.0,2.0,3.0,3.0,2.0,2.0,0.0,2.0,0,2.0,3.0,2.0,1.0,1.0,1.0,2.0,2.0,3.0,3.0,1.0,1.0,1.0,3.0,1.0,4.0,1.0,2.0,1.0,1.0,2.0,1.0,2.0,5
3.0,1.0,1.0,3.0,2.0,2.0,4.0,2.0,2.0,3.0,2.0,0,2.0,3.0,2.0,2.0,1.0,1.0,1.0,2.0,1.0,1.0,2.0,1.0,1.0,3.0,1.0,4.0,1.0,2.0,1.0,1.0,2.0,1.0,2.0,5
5.0,2.0,1.0,3.0,2.0,4.0,1.0,2.0,2.0,1.0,2.0,0,2.0,3.0,2.0,2.0,1.0,1.0,1.0,2.0,1.0,1.0,2.0,1.0,1.0,3.0,1.0,4.0,1.0,2.0,1.0,1.0,2.0,1.0,2.0,5
4.0,2.0,1.0,3.0,2.0,3.0,3.0,2.0,2.0,0.0,2.0,0,2.0,3.0,2.0,2.0,1.0,1.0,1.0,2.0,1.0,1.0,2.0,1.0,1.0,3.0,1.0,4.0,1.0,2.0,1.0,1.0,2.0,1.0,2.0,5
3.0,1.0,1.0,3.0,2.0,2.0,4.0,2.0,2.0,3.0,2.0,0,2.0,3.0,2.0,2.0,1.0,1.0,1.0,2.0,1.0,1.0,2.0,1.0,1.0,3.0,1.0,4.0,1.0,2.0,1.0,1.0,2.0,1.0,2.0,5
5.0,2.0,1.0,3.0,2.0,4.0,4.0,2.0,2.0,1.0,2.0,0,2.0,3.0,2.0,2.0,1.0,1.0,1.0,2.0,1.0,1.0,2.0,1.0,1.0,3.0,1.0,4.0,1.0,2.0,1.0,1.0,2.0,1.0,2.0,5
4.0,2.0,1.0,3.0,2.0,3.0,3.0,2.0,2.0,0.0,2.0,0,2.0,3.0,2.0,2.0,1.0,1.0,1.0,2.0,1.0,1.0,2.0,1.0,1.0,3.0,1.0,4.0,1.0,2.0,1.0,1.0,2.0,1.0,2.0,5
3.0,2.0,1.0,3.0,1.0,4.0,1.0,2.0,1.0,0.0,2.0,0,2.0,3.0,3.0,2.0,1.0,1.0,2.0,2.0,3.0,3.0,1.0,1.0,1.0,3.0,1.0,4.0,1.0,2.0,1.0,1.0,2.0,1.0,2.0,3
2.0,1.0,3.0,3.0,2.0,3.0,3.0,1.0,2.0,3.0,2.0,0,3.0,3.0,3.0,2.0,1.0,1.0,2.0,2.0,3.0,3.0,1.0,1.0,1.0,3.0,1.0,4.0,1.0,2.0,1.0,1.0,2.0,1.0,2.0,3
4.0,1.0,3.0,3.0,2.0,4.0,2.0,1.0,2.0,3.0,2.0,0,3.0,3.0,3.0,1.0,1.0,1.0,2.0,2.0,3.0,3.0,1.0,1.0,1.0,3.0,1.0,4.0,1.0,2.0,1.0,1.0,2.0,1.0,2.0,3
2.0,2.0,3.0,1.0,2.0,2.0,3.0,1.0,2.0,0.0,2.0,0,3.0,3.0,3.0,2.0,1.0,1.0,2.0,2.0,3.0,3.0,1.0,1.0,1.0,3.0,1.0,4.0,1.0,2.0,1.0,1.0,2.0,1.0,2.0,3
7.0,1.0,1.0,3.0,1.0,4.0,4.0,2.0,1.0,3.0,1.0,0,2.0,3.0,3.0,2.0,1.0,1.0,2.0,2.0,3.0,3.0,1.0,1.0,1.0,3.0,1.0,4.0,1.0,2.0,1.0,1.0,2.0,1.0,2.0,3
3.0,2.0,3.0,3.0,2.0,3.0,2.0,1.0,2.0,1.0,1.0,0,3.0,3.0,3.0,2.0,1.0,1.0,2.0,2.0,3.0,3.0,1.0,1.0,1.0,3.0,1.0,4.0,1.0,2.0,1.0,1.0,2.0,1.0,2.0,3
2.0,2.0,1.0,3.0,1.0,2.0,1.0,2.0,1.0,0.0,2.0,0,2.0,3.0,3.0,1.0,2.0,1.0,2.0,2.0,3.0,3.0,1.0,1.0,1.0,3.0,1.0,4.0,1.0,2.0,1.0,1.0,2.0,1.0,2.0,3
3.0,2.0,1.0,3.0,1.0,4.0,3.0,2.0,1.0,0.0,1.0,0,2.0,3.0,3.0,2.0,1.0,1.0,2.0,2.0,3.0,3.0,1.0,1.0,1.0,3.0,1.0,4.0,1.0,2.0,1.0,1.0,2.0,1.0,2.0,3
2.0,1.0,3.0,3.0,2.0,3.0,4.0,1.0,2.0,3.0,2.0,0,3.0,3.0,3.0,2.0,1.0,1.0,2.0,2.0,3.0,3.0,1.0,1.0,1.0,3.0,1.0,4.0,1.0,2.0,1.0,1.0,2.0,1.0,2.0,3
7.0,2.0,1.0,3.0,1.0,2.0,2.0,2.0,1.0,0.0,1.0,0,2.0,3.0,3.0,2.0,1.0,1.0,2.0,2.0,3.0,3.0,1.0,1.0,1.0,3.0,1.0,4.0,1.0,2.0,1.0,1.0,2.0,1.0,2.0,3
3.0,2.0,3.0,2.0,1.0,2.0,4.0,1.0,2.0,0.0,2.0,0,3.0,2.0,3.0,1.0,1.0,1.0,2.0,2.0,3.0,3.0,1.0,1.0,1.0,3.0,1.0,4.0,1.0,1.0,2.0,2.0,2.0,1.0,2.0,4
5.0,1.0,3.0,3.0,2.0,4.0,2.0,1.0,1.0,3.0,2.0,0,3.0,2.0,3.0,2.0,1.0,1.0,2.0,2.0,3.0,3.0,1.0,1.0,1.0,3.0,1.0,4.0,1.0,2.0,1.0,1.0,1.0,1.0,3.0,4
4.0,2.0,3.0,1.0,1.0,3.0,1.0,1.0,2.0,0.0,2.0,0,2.0,2.0,3.0,2.0,1.0,1.0,2.0,2.0,3.0,3.0,1.0,1.0,1.0,3.0,1.0,4.0,1.0,1.0,2.0,2.0,2.0,1.0,2.0,4
3.0,1.0,3.0,3.0,2.0,2.0,3.0,1.0,2.0,3.0,2.0,0,2.0,3.0,3.0,1.0,1.0,1.0,2.0,2.0,3.0,3.0,1.0,1.0,1.0,3.0,1.0,4.0,1.0,2.0,1.0,1.0,2.0,1.0,3.0,4
4.0,2.0,1.0,3.0,1.0,2.0,1.0,2.0,1.0,0.0,2.0,0,3.0,2.0,3.0,2.0,1.0,1.0,2.0,2.0,3.0,3.0,1.0,1.0,1.0,3.0,1.0,4.0,1.0,1.0,2.0,2.0,2.0,1.0,2.0,4
4.0,2.0,1.0,3.0,1.0,4.0,4.0,2.0,2.0,0.0,2.0,0,3.0,2.0,3.0,2.0,1.0,1.0,2.0,2.0,3.0,3.0,1.0,1.0,1.0,3.0,1.0,4.0,1.0,1.0,2.0,2.0,2.0,1.0,2.0,4
5.0,2.0,3.0,3.0,1.0,2.0,1.0,1.0,1.0,0.0,2.0,0,3.0,3.0,3.0,2.0,1.0,1.0,2.0,2.0,3.0,3.0,1.0,1.0,1.0,3.0,1.0,4.0,1.0,1.0,2.0,2.0,1.0,1.0,2.0,4
4.0,1.0,1.0,1.0,2.0,4.0,3.0,2.0,1.0,3.0,2.0,0,3.0,2.0,3.0,2.0,1.0,1.0,2.0,2.0,3.0,3.0,1.0,1.0,1.0,3.0,1.0,4.0,1.0,2.0,1.0,1.0,2.0,1.0,3.0,4
7.0,2.0,3.0,1.0,1.0,1.0,1.0,1.0,2.0,0.0,1.0,0,3.0,2.0,3.0,1.0,2.0,1.0,2.0,2.0,3.0,3.0,1.0,1.0,1.0,3.0,1.0,4.0,1.0,1.0,2.0,2.0,2.0,1.0,2.0,4
4.0,1.0,1.0,2.0,2.0,4.0,3.0,2.0,2.0,3.0,2.0,0,3.0,2.0,3.0,2.0,2.0,1.0,2.0,2.0,3.0,3.0,1.0,1.0,1.0,3.0,1.0,4.0,1.0,2.0,1.0,1.0,2.0,1.0,3.0,4
7.0,2.0,1.0,1.0,1.0,3.0,3.0,1.0,2.0,0.0,2.0,0,2.0,3.0,3.0,1.0,1.0,1.0,2.0,1.0,3.0,4.0,1.0,1.0,1.0,3.0,1.0,1.0,3.0,1.0,1.0,2.0,2.0,1.0,2.0,17
6.0,2.0,1.0,2.0,1.0,2.0,4.0,1.0,1.0,3.0,2.0,0,2.0,3.0,3.0,1.0,1.0,1.0,1.0,2.0,3.0,4.0,1.0,1.0,1.0,3.0,1.0,1.0,3.0,1.0,1.0,2.0,2.0,1.0,2.0,17
7.0,2.0,1.0,1.0,1.0,4.0,1.0,1.0,1.0,3.0,2.0,0,2.0,3.0,3.0,1.0,1.0,1.0,2.0,2.0,3.0,4.0,1.0,1.0,1.0,3.0,1.0,1.0,3.0,1.0,1.0,2.0,2.0,1.0,2.0,17
2.0,2.0,1.0,1.0,1.0,1.0,2.0,1.0,2.0,3.0,2.0,0,2.0,3.0,3.0,1.0,1.0,1.0,2.0,1.0,3.0,4.0,1.0,1.0,1.0,3.0,1.0,1.0,3.0,1.0,1.0,2.0,2.0,1.0,2.0,17
7.0,2.0,1.0,2.0,2.0,4.0,1.0,1.0,2.0,0.0,2.0,0,2.0,3.0,3.0,1.0,1.0,1.0,1.0,2.0,3.0,4.0,1.0,1.0,1.0,3.0,1.0,1.0,3.0,1.0,1.0,2.0,2.0,1.0,2.0,17
6.0,2.0,1.0,3.0,2.0,3.0,3.0,1.0,2.0,3.0,2.0,1,1.0,1.0,1.0,1.0,1.0,1.0,1.0,2.0,3.0,4.0,1.0,1.0,1.0,3.0,1.0,1.0,3.0,1.0,1.0,2.0,2.0,1.0,2.0,17
3.0,2.0,1.0,1.0,2.0,2.0,4.0,1.0,2.0,0.0,2.0,1,1.0,1.0,1.0,1.0,1.0,1.0,2.0,2.0,3.0,4.0,1.0,1.0,1.0,3.0,1.0,4.0,1.0,1.0,1.0,2.0,2.0,1.0,2.0,17
3.0,2.0,1.0,2.0,2.0,2.0,4.0,1.0,2.0,3.0,2.0,1,1.0,1.0,1.0,1.0,1.0,1.0,2.0,2.0,3.0,4.0,1.0,1.0,1.0,3.0,1.0,4.0,1.0,1.0,1.0,2.0,2.0,1.0,2.0,17
7.0,2.0,1.0,1.0,2.0,4.0,1.0,1.0,1.0,3.0,2.0,1,1.0,1.0,1.0,1.0,1.0,1.0,2.0,2.0,3.0,4.0,1.0,1.0,1.0,3.0,1.0,4.0,1.0,1.0,1.0,2.0,2.0,1.0,2.0,17
6.0,2.0,1.0,3.0,2.0,2.0,4.0,1.0,1.0,3.0,2.0,0,2.0,3.0,3.0,1.0,1.0,1.0,1.0,2.0,3.0,4.0,1.0,1.0,1.0,3.0,1.0,1.0,3.0,1.0,1.0,2.0,2.0,1.0,2.0,17
1.0,2.0,1.0,3.0,2.0,1.0,2.0,1.0,2.0,1.0,2.0,0,1.0,1.0,1.0,1.0,1.0,1.0,1.0,2.0,2.0,1.0,1.0,2.0,1.0,3.0,1.0,4.0,1.0,1.0,1.0,2.0,1.0,2.0,2.0,2
4.0,2.0,1.0,3.0,2.0,3.0,3.0,1.0,3.0,3.0,1.0,0,1.0,1.0,1.0,1.0,1.0,1.0,1.0,2.0,1.0,1.0,1.0,2.0,1.0,3.0,1.0,4.0,1.0,1.0,1.0,2.0,1.0,2.0,2.0,2
2.0,2.0,1.0,3.0,2.0,1.0,2.0,1.0,1.0,0.0,2.0,0,1.0,1.0,1.0,1.0,1.0,1.0,1.0,2.0,1.0,1.0,2.0,2.0,1.0,3.0,1.0,1.0,2.0,1.0,2.0,1.0,1.0,2.0,2.0,2
5.0,2.0,1.0,3.0,2.0,1.0,2.0,1.0,3.0,0.0,1.0,0,1.0,1.0,1.0,1.0,1.0,1.0,1.0,2.0,2.0,1.0,1.0,2.0,1.0,3.0,1.0,4.0,1.0,1.0,1.0,2.0,2.0,2.0,2.0,2
2.0,1.0,1.0,1.0,1.0,4.0,1.0,2.0,2.0,1.0,2.0,0,1.0,1.0,1.0,1.0,1.0,1.0,1.0,1.0,1.0,2.0,2.0,2.0,1.0,3.0,1.0,1.0,2.0,1.0,2.0,1.0,1.0,1.0,2.0,2
6.0,2.0,1.0,3.0,2.0,2.0,4.0,2.0,2.0,0.0,2.0,1,1.0,1.0,1.0,1.0,1.0,1.0,1.0,2.0,1.0,2.0,2.0,1.0,1.0,3.0,1.0,1.0,2.0,1.0,2.0,1.0,1.0,2.0,2.0,2
6.0,1.0,1.0,3.0,2.0,4.0,1.0,2.0,1.0,1.0,2.0,1,1.0,1.0,1.0,1.0,1.0,1.0,1.0,2.0,1.0,2.0,2.0,1.0,1.0,3.0,1.0,1.0,2.0,1.0,2.0,1.0,1.0,2.0,2.0,2
6.0,1.0,1.0,3.0,2.0,2.0,4.0,2.0,2.0,1.0,2.0,1,1.0,1.0,1.0,1.0,1.0,1.0,1.0,2.0,1.0,2.0,2.0,1.0,1.0,3.0,1.0,1.0,2.0,1.0,2.0,1.0,1.0,2.0,2.0,2
7.0,1.0,1.0,3.0,2.0,3.0,3.0,2.0,2.0,3.0,2.0,1,1.0,1.0,1.0,1.0,1.0,1.0,1.0,2.0,1.0,2.0,2.0,1.0,1.0,3.0,1.0,1.0,2.0,1.0,2.0,1.0,1.0,2.0,2.0,2
7.0,2.0,1.0,3.0,2.0,2.0,4.0,2.0,1.0,1.0,2.0,1,1.0,1.0,1.0,1.0,1.0,1.0,1.0,2.0,1.0,2.0,2.0,1.0,1.0,3.0,1.0,1.0,2.0,1.0,2.0,1.0,1.0,2.0,2.0,2
2.0,2.0,1.0,3.0,2.0,3.0,3.0,2.0,1.0,3.0,2.0,1,1.0,1.0,1.0,1.0,1.0,1.0,1.0,2.0,1.0,2.0,1.0,1.0,1.0,3.0,1.0,1.0,2.0,2.0,1.0,1.0,2.0,1.0,2.0,2
3.0,1.0,1.0,1.0,1.0,4.0,1.0,1.0,1.0,3.0,1.0,0,1.0,1.0,1.0,1.0,1.0,1.0,1.0,1.0,1.0,2.0,2.0,2.0,1.0,3.0,1.0,1.0,2.0,2.0,1.0,1.0,2.0,1.0,2.0,2
2.0,1.0,1.0,1.0,1.0,4.0,1.0,1.0,1.0,1.0,1.0,0,1.0,1.0,1.0,1.0,1.0,1.0,1.0,1.0,1.0,2.0,2.0,2.0,1.0,3.0,1.0,1.0,2.0,2.0,1.0,1.0,2.0,1.0,2.0,2
7.0,1.0,1.0,1.0,1.0,3.0,3.0,2.0,2.0,0.0,2.0,0,1.0,1.0,1.0,1.0,1.0,1.0,1.0,2.0,1.0,1.0,2.0,2.0,1.0,3.0,1.0,1.0,2.0,2.0,1.0,1.0,2.0,1.0,2.0,2
6.0,1.0,1.0,1.0,1.0,2.0,4.0,1.0,1.0,3.0,2.0,0,1.0,1.0,1.0,1.0,1.0,1.0,1.0,2.0,1.0,2.0,2.0,2.0,1.0,3.0,1.0,1.0,2.0,2.0,1.0,1.0,2.0,1.0,2.0,2
2.0,2.0,1.0,3.0,2.0,4.0,1.0,3.0,2.0,1.0,2.0,1,1.0,1.0,1.0,1.0,1.0,1.0,1.0,2.0,1.0,2.0,1.0,1.0,1.0,3.0,1.0,1.0,2.0,2.0,1.0,1.0,2.0,1.0,2.0,2
7.0,1.0,1.0,3.0,2.0,3.0,3.0,2.0,1.0,0.0,2.0,1,1.0,1.0,1.0,1.0,1.0,1.0,1.0,2.0,1.0,2.0,2.0,1.0,1.0,3.0,1.0,1.0,2.0,1.0,2.0,1.0,1.0,2.0,2.0,2
6.0,2.0,1.0,3.0,2.0,2.0,4.0,2.0,2.0,1.0,2.0,1,1.0,1.0,1.0,1.0,1.0,1.0,1.0,2.0,1.0,2.0,2.0,1.0,1.0,3.0,1.0,1.0,2.0,1.0,2.0,1.0,1.0,2.0,2.0,2
2.0,1.0,1.0,3.0,2.0,4.0,1.0,3.0,1.0,0.0,2.0,1,1.0,1.0,1.0,1.0,1.0,1.0,1.0,2.0,1.0,2.0,1.0,1.0,1.0,3.0,1.0,1.0,2.0,2.0,1.0,1.0,2.0,1.0,2.0,2
7.0,2.0,1.0,3.0,2.0,3.0,3.0,2.0,2.0,1.0,2.0,1,1.0,1.0,1.0,1.0,1.0,1.0,1.0,2.0,1.0,2.0,2.0,1.0,1.0,3.0,1.0,1.0,2.0,1.0,2.0,1.0,1.0,2.0,2.0,2
6.0,1.0,1.0,3.0,2.0,2.0,4.0,2.0,1.0,0.0,2.0,1,1.0,1.0,1.0,1.0,1.0,1.0,1.0,2.0,1.0,2.0,2.0,1.0,1.0,3.0,1.0,1.0,2.0,1.0,2.0,1.0,1.0,2.0,2.0,2
7.0,2.0,1.0,3.0,2.0,2.0,4.0,2.0,2.0,1.0,2.0,1,1.0,1.0,1.0,1.0,1.0,1.0,1.0,2.0,1.0,2.0,2.0,1.0,1.0,3.0,1.0,1.0,2.0,2.0,1.0,1.0,2.0,1.0,2.0,2
7.0,1.0,1.0,3.0,2.0,4.0,1.0,2.0,1.0,0.0,2.0,1,1.0,1.0,1.0,1.0,1.0,1.0,1.0,2.0,1.0,2.0,1.0,1.0,1.0,3.0,1.0,1.0,2.0,2.0,1.0,1.0,2.0,1.0,2.0,2
7.0,2.0,1.0,3.0,2.0,4.0,1.0,2.0,2.0,0.0,2.0,1,1.0,1.0,1.0,1.0,1.0,1.0,1.0,2.0,1.0,2.0,2.0,1.0,1.0,3.0,1.0,1.0,2.0,2.0,1.0,1.0,2.0,1.0,2.0,2
5.0,2.0,2.0,3.0,1.0,1.0,2.0,2.0,2.0,1.0,2.0,0,2.0,3.0,2.0,1.0,2.0,1.0,2.0,2.0,3.0,3.0,1.0,1.0,1.0,3.0,1.0,4.0,1.0,2.0,1.0,1.0,2.0,1.0,2.0,14
3.0,2.0,2.0,3.0,1.0,3.0,4.0,1.0,2.0,3.0,1.0,0,2.0,3.0,2.0,1.0,2.0,1.0,2.0,2.0,3.0,3.0,1.0,1.0,1.0,3.0,1.0,4.0,1.0,2.0,1.0,1.0,2.0,1.0,2.0,14
5.0,1.0,3.0,3.0,2.0,3.0,4.0,2.0,2.0,3.0,2.0,0,2.0,3.0,2.0,1.0,1.0,1.0,2.0,2.0,3.0,3.0,1.0,1.0,1.0,3.0,1.0,4.0,1.0,2.0,1.0,1.0,2.0,1.0,2.0,14
4.0,1.0,3.0,3.0,2.0,3.0,2.0,2.0,2.0,3.0,2.0,0,2.0,3.0,2.0,1.0,1.0,1.0,2.0,2.0,3.0,3.0,1.0,1.0,1.0,3.0,1.0,4.0,1.0,2.0,1.0,1.0,2.0,1.0,2.0,14
4.0,2.0,2.0,1.0,1.0,4.0,3.0,1.0,1.0,0.0,2.0,0,2.0,3.0,2.0,2.0,1.0,1.0,2.0,2.0,3.0,3.0,1.0,1.0,1.0,3.0,1.0,4.0,1.0,2.0,1.0,1.0,2.0,1.0,2.0,14
4.0,2.0,2.0,1.0,1.0,4.0,4.0,1.0,2.0,3.0,2.0,0,2.0,3.0,2.0,2.0,1.0,1.0,2.0,2.0,3.0,3.0,1.0,1.0,1.0,3.0,1.0,4.0,1.0,2.0,1.0,1.0,2.0,1.0,2.0,14
3.0,1.0,3.0,1.0,2.0,4.0,2.0,1.0,2.0,1.0,1.0,0,2.0,3.0,2.0,2.0,2.0,1.0,2.0,2.0,3.0,3.0,1.0,1.0,1.0,3.0,1.0,4.0,1.0,2.0,1.0,1.0,2.0,1.0,2.0,14
2.0,1.0,3.0,1.0,2.0,4.0,3.0,1.0,1.0,0.0,1.0,0,2.0,3.0,2.0,2.0,2.0,1.0,2.0,2.0,3.0,3.0,1.0,1.0,1.0,3.0,1.0,4.0,1.0,2.0,1.0,1.0,2.0,1.0,2.0,14
4.0,1.0,3.0,1.0,2.0,2.0,2.0,1.0,1.0,0.0,2.0,0,2.0,3.0,2.0,2.0,2.0,1.0,2.0,2.0,3.0,3.0,1.0,1.0,1.0,3.0,1.0,4.0,1.0,2.0,1.0,1.0,2.0,1.0,2.0,14
2.0,1.0,3.0,1.0,2.0,4.0,4.0,1.0,1.0,0.0,2.0,0,2.0,3.0,2.0,2.0,2.0,1.0,2.0,2.0,3.0,3.0,1.0,1.0,1.0,3.0,1.0,4.0,1.0,2.0,1.0,1.0,2.0,1.0,2.0,14
6.0,2.0,1.0,1.0,2.0,3.0,3.0,1.0,1.0,1.0,2.0,0,2.0,3.0,2.0,1.0,1.0,1.0,2.0,2.0,3.0,3.0,1.0,1.0,1.0,3.0,1.0,4.0,1.0,2.0,1.0,1.0,2.0,1.0,2.0,1
7.0,2.0,1.0,1.0,2.0,3.0,3.0,2.0,2.0,1.0,2.0,0,2.0,3.0,2.0,1.0,1.0,1.0,2.0,2.0,3.0,3.0,1.0,1.0,1.0,3.0,1.0,4.0,1.0,2.0,1.0,1.0,2.0,1.0,2.0,1
6.0,1.0,1.0,1.0,2.0,3.0,4.0,2.0,1.0,3.0,2.0,0,2.0,3.0,2.0,1.0,1.0,1.0,2.0,2.0,3.0,3.0,1.0,1.0,1.0,3.0,1.0,4.0,1.0,2.0,1.0,1.0,2.0,1.0,2.0,1
7.0,1.0,1.0,3.0,2.0,3.0,3.0,1.0,2.0,3.0,2.0,0,2.0,3.0,2.0,1.0,1.0,1.0,2.0,2.0,3.0,3.0,1.0,1.0,1.0,3.0,1.0,4.0,1.0,2.0,1.0,1.0,2.0,1.0,2.0,1
6.0,2.0,1.0,3.0,2.0,2.0,4.0,1.0,1.0,1.0,2.0,0,2.0,3.0,2.0,1.0,1.0,1.0,2.0,2.0,3.0,3.0,1.0,1.0,1.0,3.0,1.0,4.0,1.0,2.0,1.0,1.0,2.0,1.0,2.0,1
7.0,2.0,1.0,3.0,2.0,3.0,3.0,1.0,2.0,1.0,2.0,0,2.0,3.0,2.0,2.0,1.0,1.0,2.0,2.0,3.0,3.0,1.0,1.0,1.0,3.0,1.0,4.0,1.0,2.0,1.0,1.0,2.0,1.0,2.0,1
6.0,2.0,1.0,3.0,2.0,2.0,4.0,1.0,1.0,0.0,2.0,0,2.0,3.0,2.0,2.0,1.0,1.0,2.0,2.0,3.0,3.0,1.0,1.0,1.0,3.0,1.0,4.0,1.0,2.0,1.0,1.0,2.0,1.0,2.0,1
7.0,2.0,1.0,3.0,2.0,2.0,2.0,1.0,1.0,0.0,2.0,0,2.0,3.0,2.0,2.0,1.0,1.0,2.0,2.0,3.0,3.0,1.0,1.0,1.0,3.0,1.0,4.0,1.0,2.0,1.0,1.0,2.0,1.0,2.0,1
7.0,1.0,1.0,3.0,1.0,1.0,2.0,2.0,1.0,0.0,2.0,0,2.0,3.0,2.0,1.0,1.0,1.0,2.0,2.0,3.0,3.0,1.0,1.0,1.0,3.0,1.0,4.0,1.0,1.0,1.0,2.0,2.0,1.0,2.0,1
7.0,1.0,1.0,3.0,1.0,4.0,1.0,2.0,1.0,0.0,2.0,0,2.0,3.0,2.0,1.0,1.0,1.0,2.0,2.0,3.0,3.0,1.0,1.0,1.0,3.0,1.0,4.0,1.0,2.0,1.0,1.0,2.0,1.0,2.0,1
2.0,2.0,1.0,3.0,1.0,1.0,2.0,2.0,2.0,1.0,2.0,0,2.0,3.0,2.0,1.0,1.0,1.0,2.0,2.0,3.0,3.0,1.0,1.0,1.0,3.0,1.0,4.0,1.0,1.0,1.0,2.0,2.0,1.0,2.0,1
6.0,1.0,3.0,1.0,1.0,4.0,1.0,1.0,3.0,3.0,2.0,0,2.0,3.0,2.0,1.0,1.0,1.0,2.0,2.0,3.0,3.0,1.0,1.0,1.0,3.0,1.0,4.0,1.0,2.0,1.0,1.0,2.0,1.0,2.0,1
2.0,1.0,1.0,3.0,2.0,3.0,3.0,1.0,2.0,1.0,2.0,0,2.0,3.0,2.0,1.0,1.0,1.0,2.0,2.0,3.0,3.0,1.0,1.0,1.0,3.0,1.0,4.0,1.0,1.0,1.0,1.0,2.0,1.0,2.0,1
6.0,2.0,3.0,3.0,1.0,1.0,2.0,1.0,3.0,3.0,2.0,0,2.0,3.0,2.0,1.0,1.0,1.0,2.0,2.0,3.0,3.0,1.0,1.0,1.0,3.0,1.0,4.0,1.0,1.0,1.0,2.0,2.0,1.0,2.0,1
7.0,2.0,1.0,3.0,1.0,3.0,3.0,2.0,1.0,0.0,2.0,0,2.0,3.0,2.0,1.0,1.0,1.0,2.0,2.0,3.0,3.0,1.0,1.0,1.0,3.0,1.0,4.0,1.0,1.0,1.0,2.0,2.0,1.0,2.0,1
6.0,2.0,3.0,1.0,1.0,2.0,4.0,1.0,3.0,1.0,2.0,0,2.0,3.0,2.0,1.0,1.0,1.0,2.0,2.0,3.0,3.0,1.0,1.0,1.0,3.0,1.0,4.0,1.0,2.0,1.0,2.0,2.0,1.0,2.0,1
2.0,1.0,1.0,1.0,2.0,1.0,2.0,1.0,2.0,3.0,2.0,0,2.0,3.0,2.0,1.0,1.0,1.0,2.0,2.0,3.0,3.0,1.0,1.0,1.0,3.0,1.0,4.0,1.0,1.0,1.0,2.0,2.0,1.0,2.0,1
7.0,1.0,3.0,1.0,1.0,1.0,2.0,2.0,1.0,3.0,2.0,0,2.0,3.0,2.0,1.0,1.0,1.0,2.0,2.0,3.0,3.0,1.0,1.0,1.0,3.0,1.0,4.0,1.0,1.0,1.0,2.0,2.0,1.0,2.0,1
6.0,2.0,1.0,3.0,2.0,4.0,1.0,1.0,3.0,1.0,2.0,0,2.0,3.0,2.0,1.0,1.0,1.0,2.0,2.0,3.0,3.0,1.0,1.0,1.0,3.0,1.0,4.0,1.0,2.0,1.0,1.0,2.0,1.0,2.0,1
7.0,1.0,3.0,1.0,1.0,3.0,3.0,1.0,2.0,1.0,2.0,0,2.0,3.0,2.0,1.0,1.0,1.0,2.0,2.0,3.0,3.0,1.0,1.0,1.0,3.0,1.0,4.0,1.0,1.0,1.0,2.0,2.0,1.0,2.0,1
2.0,2.0,1.0,3.0,2.0,4.0,2.0,2.0,2.0,1.0,2.0,0,2.0,3.0,2.0,1.0,1.0,1.0,2.0,2.0,3.0,3.0,1.0,1.0,1.0,3.0,1.0,4.0,1.0,2.0,1.0,1.0,2.0,1.0,2.0,1
7.0,2.0,1.0,1.0,2.0,3.0,1.0,2.0,1.0,0.0,2.0,0,2.0,3.0,2.0,1.0,1.0,1.0,2.0,2.0,3.0,3.0,1.0,1.0,1.0,3.0,1.0,4.0,1.0,2.0,1.0,1.0,2.0,1.0,2.0,1
6.0,1.0,1.0,1.0,2.0,2.0,3.0,1.0,2.0,3.0,2.0,0,2.0,3.0,2.0,1.0,1.0,1.0,2.0,2.0,3.0,3.0,1.0,1.0,1.0,3.0,1.0,4.0,1.0,2.0,1.0,1.0,2.0,1.0,2.0,1
7.0,2.0,1.0,1.0,2.0,4.0,4.0,1.0,1.0,1.0,2.0,0,2.0,3.0,2.0,1.0,1.0,1.0,2.0,2.0,3.0,3.0,1.0,1.0,1.0,3.0,1.0,4.0,1.0,2.0,1.0,1.0,2.0,1.0,2.0,1
7.0,2.0,1.0,1.0,2.0,3.0,2.0,2.0,2.0,0.0,2.0,0,2.0,3.0,2.0,1.0,1.0,1.0,2.0,2.0,3.0,3.0,1.0,1.0,1.0,3.0,1.0,4.0,1.0,2.0,1.0,1.0,2.0,1.0,2.0,1
7.0,1.0,1.0,1.0,2.0,2.0,1.0,1.0,1.0,3.0,2.0,0,2.0,3.0,2.0,1.0,1.0,1.0,2.0,2.0,3.0,3.0,1.0,1.0,1.0,3.0,1.0,4.0,1.0,2.0,1.0,1.0,2.0,1.0,2.0,1
7.0,2.0,1.0,1.0,2.0,3.0,4.0,1.0,1.0,0.0,2.0,0,2.0,3.0,2.0,1.0,1.0,1.0,2.0,2.0,3.0,3.0,1.0,1.0,1.0,3.0,1.0,4.0,1.0,2.0,1.0,1.0,2.0,1.0,2.0,1
7.0,1.0,1.0,1.0,2.0,2.0,2.0,2.0,2.0,3.0,2.0,0,2.0,3.0,2.0,1.0,1.0,1.0,2.0,2.0,3.0,3.0,1.0,1.0,1.0,3.0,1.0,4.0,1.0,2.0,1.0,1.0,2.0,1.0,2.0,1
7.0,2.0,1.0,1.0,2.0,4.0,1.0,1.0,1.0,1.0,2.0,0,2.0,3.0,2.0,1.0,1.0,1.0,2.0,2.0,3.0,3.0,1.0,1.0,1.0,3.0,1.0,4.0,1.0,2.0,1.0,1.0,2.0,1.0,2.0,1
2.0,2.0,1.0,3.0,2.0,3.0,3.0,2.0,2.0,0.0,2.0,0,2.0,3.0,2.0,1.0,1.0,1.0,2.0,2.0,3.0,3.0,1.0,1.0,1.0,3.0,1.0,4.0,1.0,2.0,1.0,1.0,2.0,1.0,2.0,1
7.0,1.0,1.0,1.0,2.0,2.0,4.0,1.0,1.0,3.0,2.0,0,2.0,3.0,2.0,1.0,1.0,1.0,2.0,2.0,3.0,3.0,1.0,1.0,1.0,3.0,1.0,4.0,1.0,2.0,1.0,1.0,2.0,1.0,2.0,1
6.0,2.0,1.0,1.0,2.0,4.0,2.0,1.0,2.0,1.0,2.0,0,2.0,3.0,2.0,1.0,1.0,1.0,2.0,2.0,3.0,3.0,1.0,1.0,1.0,3.0,1.0,4.0,1.0,2.0,1.0,1.0,2.0,1.0,2.0,1
3.0,2.0,1.0,3.0,2.0,3.0,1.0,2.0,1.0,0.0,2.0,0,2.0,3.0,2.0,1.0,1.0,1.0,2.0,2.0,3.0,3.0,1.0,1.0,1.0,3.0,1.0,4.0,1.0,2.0,1.0,1.0,2.0,1.0,2.0,1
2.0,1.0,1.0,3.0,2.0,2.0,3.0,2.0,2.0,3.0,2.0,0,2.0,3.0,2.0,1.0,1.0,1.0,2.0,2.0,3.0,3.0,1.0,1.0,1.0,3.0,1.0,4.0,1.0,2.0,1.0,1.0,2.0,1.0,2.0,1
7.0,2.0,1.0,1.0,2.0,4.0,4.0,2.0,1.0,1.0,2.0,0,2.0,3.0,2.0,1.0,1.0,1.0,2.0,2.0,3.0,3.0,1.0,1.0,1.0,3.0,1.0,4.0,1.0,2.0,1.0,1.0,2.0,1.0,2.0,1
6.0,2.0,1.0,1.0,2.0,3.0,2.0,1.0,2.0,0.0,2.0,0,2.0,3.0,2.0,1.0,1.0,1.0,2.0,2.0,3.0,3.0,1.0,1.0,1.0,3.0,1.0,4.0,1.0,2.0,1.0,1.0,2.0,1.0,2.0,1
2.0,1.0,1.0,3.0,2.0,2.0,1.0,2.0,1.0,3.0,2.0,0,2.0,3.0,2.0,1.0,1.0,1.0,2.0,2.0,3.0,3.0,1.0,1.0,1.0,3.0,1.0,4.0,1.0,2.0,1.0,1.0,2.0,1.0,2.0,1
2.0,2.0,1.0,3.0,2.0,4.0,3.0,2.0,2.0,1.0,2.0,0,2.0,3.0,2.0,1.0,1.0,1.0,2.0,2.0,3.0,3.0,1.0,1.0,1.0,3.0,1.0,4.0,1.0,2.0,1.0,1.0,2.0,1.0,2.0,1
7.0,2.0,1.0,1.0,2.0,3.0,4.0,1.0,1.0,0.0,2.0,0,2.0,3.0,2.0,1.0,1.0,1.0,2.0,2.0,3.0,3.0,1.0,1.0,1.0,3.0,1.0,4.0,1.0,2.0,1.0,1.0,2.0,1.0,2.0,1
7.0,1.0,1.0,1.0,2.0,2.0,2.0,1.0,2.0,3.0,2.0,0,2.0,3.0,2.0,1.0,1.0,1.0,2.0,2.0,3.0,3.0,1.0,1.0,1.0,3.0,1.0,4.0,1.0,2.0,1.0,1.0,2.0,1.0,2.0,1
7.0,2.0,1.0,1.0,2.0,4.0,1.0,2.0,1.0,1.0,2.0,0,2.0,3.0,2.0,1.0,1.0,1.0,2.0,2.0,3.0,3.0,1.0,1.0,1.0,3.0,1.0,4.0,1.0,2.0,1.0,1.0,2.0,1.0,2.0,1
6.0,2.0,1.0,1.0,2.0,3.0,3.0,1.0,2.0,0.0,2.0,0,2.0,3.0,2.0,1.0,1.0,1.0,2.0,2.0,3.0,3.0,1.0,1.0,1.0,3.0,1.0,4.0,1.0,2.0,1.0,1.0,2.0,1.0,2.0,1
6.0,1.0,1.0,1.0,2.0,2.0,4.0,1.0,1.0,3.0,2.0,0,2.0,3.0,2.0,1.0,1.0,1.0,2.0,2.0,3.0,3.0,1.0,1.0,1.0,3.0,1.0,4.0,1.0,2.0,1.0,1.0,2.0,1.0,2.0,1
7.0,2.0,1.0,1.0,2.0,4.0,2.0,1.0,2.0,1.0,2.0,0,2.0,3.0,2.0,1.0,1.0,1.0,2.0,2.0,3.0,3.0,1.0,1.0,1.0,3.0,1.0,4.0,1.0,2.0,1.0,1.0,2.0,1.0,2.0,1
6.0,2.0,1.0,1.0,2.0,3.0,1.0,2.0,1.0,0.0,2.0,0,2.0,3.0,2.0,1.0,1.0,1.0,2.0,2.0,3.0,3.0,1.0,1.0,1.0,3.0,1.0,4.0,1.0,2.0,1.0,1.0,2.0,1.0,2.0,1
7.0,1.0,1.0,1.0,2.0,2.0,3.0,1.0,2.0,3.0,2.0,0,2.0,3.0,2.0,1.0,1.0,1.0,2.0,2.0,3.0,3.0,1.0,1.0,1.0,3.0,1.0,4.0,1.0,2.0,1.0,1.0,2.0,1.0,2.0,1
6.0,2.0,1.0,1.0,2.0,2.0,4.0,2.0,1.0,1.0,2.0,0,2.0,3.0,2.0,1.0,1.0,1.0,2.0,2.0,3.0,3.0,1.0,1.0,1.0,3.0,1.0,4.0,1.0,2.0,1.0,1.0,2.0,1.0,2.0,1
7.0,2.0,1.0,1.0,2.0,2.0,1.0,1.0,2.0,0.0,2.0,0,2.0,3.0,2.0,1.0,1.0,1.0,2.0,2.0,3.0,3.0,1.0,1.0,1.0,3.0,1.0,4.0,1.0,2.0,1.0,1.0,2.0,1.0,2.0,1
6.0,1.0,1.0,1.0,2.0,2.0,3.0,2.0,1.0,3.0,2.0,0,2.0,3.0,2.0,1.0,1.0,1.0,2.0,2.0,3.0,3.0,1.0,1.0,1.0,3.0,1.0,4.0,1.0,2.0,1.0,1.0,2.0,1.0,2.0,1
7.0,2.0,1.0,1.0,2.0,3.0,1.0,2.0,2.0,1.0,2.0,0,2.0,3.0,2.0,1.0,1.0,1.0,2.0,2.0,3.0,3.0,1.0,1.0,1.0,3.0,1.0,4.0,1.0,2.0,1.0,1.0,2.0,1.0,2.0,1
6.0,2.0,1.0,1.0,2.0,3.0,3.0,1.0,1.0,0.0,2.0,0,2.0,3.0,2.0,1.0,1.0,1.0,2.0,2.0,3.0,3.0,1.0,1.0,1.0,3.0,1.0,4.0,1.0,2.0,1.0,1.0,2.0,1.0,2.0,1
2.0,1.0,1.0,3.0,2.0,2.0,2.0,2.0,2.0,3.0,2.0,0,2.0,3.0,2.0,1.0,1.0,1.0,1.0,2.0,1.0,2.0,1.0,2.0,1.0,3.0,1.0,1.0,3.0,2.0,1.0,1.0,2.0,1.0,2.0,12
2.0,2.0,1.0,3.0,2.0,3.0,3.0,2.0,2.0,0.0,2.0,0,2.0,3.0,2.0,1.0,1.0,1.0,1.0,2.0,1.0,2.0,1.0,2.0,1.0,3.0,1.0,1.0,3.0,2.0,1.0,1.0,2.0,1.0,2.0,12
3.0,2.0,1.0,3.0,2.0,4.0,2.0,1.0,2.0,1.0,2.0,0,2.0,3.0,2.0,1.0,1.0,1.0,2.0,2.0,3.0,3.0,1.0,1.0,1.0,3.0,1.0,4.0,1.0,2.0,1.0,1.0,2.0,1.0,2.0,12
2.0,2.0,1.0,3.0,2.0,4.0,4.0,2.0,1.0,1.0,2.0,0,2.0,3.0,2.0,1.0,1.0,1.0,2.0,2.0,3.0,3.0,1.0,1.0,1.0,3.0,1.0,4.0,1.0,2.0,1.0,1.0,2.0,1.0,2.0,12
2.0,1.0,1.0,3.0,2.0,2.0,1.0,2.0,1.0,3.0,2.0,0,2.0,3.0,2.0,1.0,1.0,1.0,2.0,2.0,3.0,3.0,1.0,1.0,1.0,3.0,1.0,4.0,1.0,2.0,1.0,1.0,2.0,1.0,2.0,12
2.0,1.0,1.0,3.0,2.0,3.0,1.0,1.0,1.0,3.0,2.0,0,2.0,3.0,2.0,1.0,1.0,1.0,1.0,2.0,1.0,2.0,1.0,2.0,1.0,3.0,1.0,1.0,3.0,2.0,1.0,1.0,2.0,1.0,2.0,12
2.0,1.0,1.0,3.0,2.0,2.0,2.0,2.0,2.0,3.0,2.0,0,2.0,3.0,2.0,1.0,1.0,1.0,2.0,2.0,3.0,3.0,1.0,1.0,1.0,3.0,1.0,4.0,1.0,2.0,1.0,1.0,2.0,1.0,2.0,12
2.0,2.0,3.0,3.0,1.0,2.0,1.0,1.0,2.0,0.0,2.0,0,2.0,3.0,2.0,1.0,1.0,1.0,2.0,2.0,3.0,3.0,1.0,1.0,1.0,3.0,1.0,4.0,1.0,2.0,1.0,1.0,2.0,1.0,2.0,12
6.0,2.0,3.0,3.0,2.0,3.0,4.0,1.0,1.0,1.0,2.0,0,2.0,3.0,2.0,1.0,1.0,1.0,2.0,2.0,3.0,3.0,1.0,1.0,1.0,3.0,1.0,4.0,1.0,2.0,1.0,1.0,2.0,1.0,2.0,12
7.0,2.0,3.0,3.0,1.0,1.0,1.0,1.0,2.0,1.0,2.0,0,2.0,3.0,2.0,1.0,1.0,1.0,1.0,2.0,1.0,3.0,1.0,2.0,1.0,3.0,1.0,1.0,3.0,2.0,1.0,1.0,2.0,1.0,2.0,12
3.0,2.0,1.0,3.0,1.0,1.0,2.0,2.0,2.0,0.0,2.0,0,2.0,3.0,2.0,1.0,1.0,1.0,2.0,2.0,3.0,3.0,1.0,1.0,1.0,3.0,1.0,4.0,1.0,2.0,1.0,1.0,2.0,1.0,2.0,12
7.0,2.0,1.0,3.0,1.0,3.0,3.0,1.0,3.0,1.0,2.0,0,2.0,3.0,2.0,1.0,1.0,1.0,1.0,1.0,1.0,1.0,1.0,1.0,1.0,3.0,1.0,4.0,1.0,2.0,1.0,1.0,2.0,1.0,2.0,12
3.0,1.0,1.0,3.0,1.0,1.0,2.0,2.0,1.0,3.0,1.0,0,2.0,3.0,2.0,1.0,1.0,1.0,2.0,1.0,2.0,1.0,1.0,2.0,1.0,3.0,1.0,1.0,3.0,2.0,1.0,1.0,2.0,1.0,2.0,12
7.0,2.0,1.0,3.0,1.0,3.0,3.0,1.0,2.0,1.0,2.0,0,2.0,3.0,2.0,1.0,1.0,1.0,1.0,2.0,1.0,1.0,1.0,2.0,1.0,3.0,1.0,1.0,3.0,2.0,1.0,1.0,2.0,1.0,2.0,12
2.0,2.0,1.0,1.0,1.0,4.0,2.0,2.0,3.0,1.0,2.0,0,2.0,3.0,2.0,1.0,1.0,1.0,2.0,2.0,3.0,3.0,1.0,1.0,1.0,3.0,1.0,4.0,1.0,2.0,1.0,1.0,2.0,1.0,2.0,12
2.0,2.0,1.0,1.0,1.0,2.0,3.0,1.0,1.0,1.0,2.0,0,2.0,3.0,2.0,1.0,1.0,1.0,2.0,2.0,3.0,3.0,1.0,1.0,1.0,3.0,1.0,4.0,1.0,2.0,1.0,1.0,2.0,1.0,2.0,12
3.0,1.0,1.0,1.0,1.0,3.0,2.0,2.0,2.0,3.0,1.0,0,2.0,3.0,2.0,1.0,1.0,1.0,2.0,2.0,3.0,3.0,1.0,1.0,1.0,3.0,1.0,4.0,1.0,2.0,1.0,1.0,2.0,1.0,2.0,12
2.0,1.0,1.0,1.0,1.0,2.0,2.0,2.0,3.0,3.0,1.0,0,2.0,3.0,2.0,1.0,1.0,1.0,2.0,1.0,1.0,1.0,1.0,2.0,1.0,3.0,1.0,4.0,1.0,2.0,1.0,1.0,2.0,1.0,2.0,12
3.0,2.0,1.0,1.0,2.0,3.0,3.0,2.0,2.0,0.0,2.0,0,2.0,3.0,2.0,1.0,1.0,1.0,2.0,2.0,3.0,3.0,1.0,1.0,1.0,3.0,1.0,4.0,1.0,2.0,1.0,1.0,2.0,1.0,2.0,12
3.0,2.0,1.0,3.0,2.0,4.0,2.0,2.0,2.0,1.0,2.0,0,2.0,3.0,2.0,1.0,1.0,1.0,1.0,2.0,1.0,2.0,1.0,2.0,1.0,3.0,1.0,1.0,3.0,2.0,1.0,1.0,2.0,1.0,2.0,12
2.0,2.0,1.0,1.0,2.0,3.0,1.0,2.0,1.0,0.0,2.0,0,2.0,3.0,2.0,1.0,1.0,1.0,1.0,2.0,1.0,2.0,1.0,2.0,1.0,3.0,1.0,1.0,3.0,2.0,1.0,1.0,2.0,1.0,2.0,12
7.0,1.0,1.0,3.0,2.0,2.0,3.0,1.0,2.0,3.0,2.0,0,2.0,3.0,2.0,1.0,1.0,1.0,1.0,2.0,1.0,2.0,1.0,2.0,1.0,3.0,1.0,1.0,3.0,2.0,1.0,1.0,2.0,1.0,2.0,12
6.0,2.0,1.0,1.0,2.0,4.0,4.0,1.0,1.0,1.0,2.0,0,2.0,3.0,2.0,1.0,1.0,1.0,1.0,2.0,1.0,2.0,1.0,2.0,1.0,3.0,1.0,1.0,3.0,2.0,1.0,1.0,2.0,1.0,2.0,12
2.0,2.0,1.0,3.0,2.0,3.0,2.0,2.0,2.0,0.0,2.0,0,2.0,3.0,2.0,1.0,1.0,1.0,1.0,2.0,1.0,2.0,1.0,2.0,1.0,3.0,1.0,1.0,3.0,2.0,1.0,1.0,2.0,1.0,2.0,12
7.0,1.0,1.0,1.0,2.0,2.0,1.0,1.0,1.0,3.0,2.0,0,2.0,3.0,2.0,1.0,1.0,1.0,1.0,2.0,1.0,2.0,1.0,2.0,1.0,3.0,1.0,1.0,3.0,2.0,1.0,1.0,2.0,1.0,2.0,12
6.0,2.0,1.0,3.0,2.0,4.0,3.0,1.0,2.0,1.0,2.0,0,2.0,3.0,2.0,1.0,1.0,1.0,1.0,2.0,1.0,2.0,1.0,2.0,1.0,3.0,1.0,1.0,3.0,2.0,1.0,1.0,2.0,1.0,2.0,12
2.0,2.0,1.0,1.0,2.0,3.0,4.0,2.0,1.0,0.0,2.0,0,2.0,3.0,2.0,1.0,1.0,1.0,1.0,2.0,1.0,2.0,1.0,2.0,1.0,3.0,1.0,1.0,3.0,2.0,1.0,1.0,2.0,1.0,2.0,12
7.0,1.0,1.0,3.0,2.0,2.0,2.0,1.0,2.0,3.0,2.0,0,2.0,3.0,2.0,1.0,1.0,1.0,1.0,2.0,1.0,2.0,1.0,2.0,1.0,3.0,1.0,1.0,3.0,2.0,1.0,1.0,2.0,1.0,2.0,12
6.0,2.0,1.0,1.0,2.0,4.0,1.0,1.0,1.0,1.0,2.0,0,2.0,3.0,2.0,1.0,1.0,1.0,1.0,2.0,1.0,2.0,1.0,2.0,1.0,3.0,1.0,1.0,3.0,2.0,1.0,1.0,2.0,1.0,2.0,12
2.0,2.0,1.0,3.0,2.0,3.0,3.0,2.0,2.0,0.0,2.0,0,2.0,3.0,2.0,1.0,1.0,1.0,1.0,2.0,1.0,2.0,1.0,2.0,1.0,3.0,1.0,1.0,3.0,2.0,1.0,1.0,2.0,1.0,2.0,12
7.0,1.0,1.0,1.0,2.0,2.0,4.0,1.0,1.0,3.0,2.0,0,2.0,3.0,2.0,1.0,1.0,1.0,1.0,2.0,1.0,2.0,1.0,2.0,1.0,3.0,1.0,1.0,3.0,2.0,1.0,1.0,2.0,1.0,2.0,12
6.0,2.0,1.0,3.0,2.0,4.0,2.0,1.0,2.0,1.0,2.0,0,2.0,3.0,2.0,1.0,1.0,1.0,1.0,2.0,1.0,2.0,1.0,2.0,1.0,3.0,1.0,1.0,3.0,2.0,1.0,1.0,2.0,1.0,2.0,12
3.0,2.0,1.0,1.0,2.0,3.0,1.0,2.0,1.0,0.0,2.0,0,2.0,3.0,2.0,1.0,1.0,1.0,1.0,2.0,1.0,2.0,1.0,2.0,1.0,3.0,1.0,1.0,3.0,2.0,1.0,1.0,2.0,1.0,2.0,12
2.0,1.0,1.0,3.0,2.0,2.0,3.0,2.0,2.0,3.0,2.0,0,2.0,3.0,2.0,1.0,1.0,1.0,1.0,2.0,1.0,2.0,1.0,2.0,1.0,3.0,1.0,1.0,3.0,2.0,1.0,1.0,2.0,1.0,2.0,12
7.0,2.0,1.0,1.0,2.0,4.0,4.0,1.0,1.0,1.0,2.0,0,2.0,3.0,2.0,1.0,1.0,1.0,1.0,2.0,1.0,2.0,1.0,2.0,1.0,3.0,1.0,1.0,3.0,2.0,1.0,1.0,2.0,1.0,2.0,12
6.0,2.0,1.0,1.0,2.0,3.0,2.0,1.0,2.0,0.0,2.0,0,2.0,3.0,2.0,1.0,1.0,1.0,1.0,2.0,1.0,2.0,1.0,2.0,1.0,3.0,1.0,1.0,3.0,2.0,1.0,1.0,2.0,1.0,2.0,12
3.0,1.0,1.0,3.0,2.0,2.0,1.0,2.0,1.0,3.0,2.0,0,2.0,3.0,2.0,1.0,1.0,1.0,1.0,2.0,1.0,2.0,1.0,2.0,1.0,3.0,1.0,1.0,3.0,2.0,1.0,1.0,2.0,1.0,2.0,12
2.0,2.0,1.0,3.0,2.0,4.0,3.0,2.0,2.0,1.0,2.0,0,2.0,3.0,2.0,1.0,1.0,1.0,1.0,2.0,1.0,2.0,1.0,2.0,1.0,3.0,1.0,1.0,3.0,2.0,1.0,1.0,2.0,1.0,2.0,12
7.0,2.0,1.0,3.0,2.0,3.0,4.0,1.0,1.0,0.0,2.0,0,2.0,3.0,2.0,1.0,1.0,1.0,1.0,2.0,1.0,2.0,1.0,2.0,1.0,3.0,1.0,1.0,3.0,2.0,1.0,1.0,2.0,1.0,2.0,12
6.0,1.0,1.0,1.0,2.0,2.0,2.0,1.0,2.0,3.0,2.0,0,2.0,3.0,2.0,1.0,1.0,1.0,1.0,2.0,1.0,2.0,1.0,2.0,1.0,3.0,1.0,1.0,3.0,2.0,1.0,1.0,2.0,1.0,2.0,12
3.0,2.0,1.0,3.0,2.0,4.0,1.0,2.0,1.0,1.0,2.0,0,2.0,3.0,2.0,1.0,1.0,1.0,1.0,2.0,1.0,2.0,1.0,2.0,1.0,3.0,1.0,1.0,3.0,2.0,1.0,1.0,2.0,1.0,2.0,12
2.0,2.0,1.0,3.0,2.0,3.0,3.0,2.0,2.0,0.0,2.0,0,2.0,3.0,2.0,1.0,1.0,1.0,1.0,2.0,1.0,2.0,1.0,2.0,1.0,3.0,1.0,1.0,3.0,2.0,1.0,1.0,2.0,1.0,2.0,12
7.0,1.0,1.0,1.0,2.0,2.0,4.0,1.0,1.0,3.0,2.0,0,2.0,3.0,2.0,1.0,1.0,1.0,1.0,2.0,1.0,2.0,1.0,2.0,1.0,3.0,1.0,1.0,3.0,2.0,1.0,1.0,2.0,1.0,2.0,12
2.0,2.0,1.0,3.0,2.0,4.0,2.0,2.0,2.0,1.0,2.0,0,2.0,3.0,2.0,1.0,1.0,1.0,1.0,2.0,1.0,2.0,1.0,2.0,1.0,3.0,1.0,1.0,3.0,2.0,1.0,1.0,2.0,1.0,2.0,12
7.0,2.0,1.0,1.0,2.0,3.0,1.0,1.0,1.0,0.0,2.0,0,2.0,3.0,2.0,1.0,1.0,1.0,1.0,2.0,1.0,2.0,1.0,2.0,1.0,3.0,1.0,1.0,3.0,2.0,1.0,1.0,2.0,1.0,2.0,12
6.0,1.0,1.0,3.0,2.0,2.0,3.0,1.0,2.0,3.0,2.0,0,2.0,3.0,2.0,1.0,1.0,1.0,1.0,2.0,1.0,2.0,1.0,2.0,1.0,3.0,1.0,1.0,3.0,2.0,1.0,1.0,2.0,1.0,2.0,12
2.0,2.0,1.0,1.0,2.0,4.0,4.0,2.0,1.0,1.0,2.0,0,2.0,3.0,2.0,1.0,1.0,1.0,1.0,2.0,1.0,2.0,1.0,2.0,1.0,3.0,1.0,1.0,3.0,2.0,1.0,1.0,2.0,1.0,2.0,12
7.0,2.0,1.0,3.0,2.0,3.0,2.0,1.0,2.0,0.0,2.0,0,2.0,3.0,2.0,1.0,1.0,1.0,1.0,2.0,1.0,2.0,1.0,2.0,1.0,3.0,1.0,1.0,3.0,2.0,1.0,1.0,2.0,1.0,2.0,12
6.0,1.0,1.0,1.0,2.0,2.0,1.0,1.0,1.0,3.0,2.0,0,2.0,3.0,2.0,1.0,1.0,1.0,1.0,2.0,1.0,2.0,1.0,2.0,1.0,3.0,1.0,1.0,3.0,2.0,1.0,1.0,2.0,1.0,2.0,12
2.0,2.0,1.0,3.0,2.0,4.0,3.0,2.0,2.0,1.0,2.0,0,2.0,3.0,2.0,1.0,1.0,1.0,1.0,2.0,1.0,2.0,1.0,2.0,1.0,3.0,1.0,1.0,3.0,2.0,1.0,1.0,2.0,1.0,2.0,12
7.0,2.0,1.0,1.0,2.0,3.0,4.0,1.0,1.0,0.0,2.0,0,2.0,3.0,2.0,1.0,1.0,1.0,1.0,2.0,1.0,2.0,1.0,2.0,1.0,3.0,1.0,1.0,3.0,2.0,1.0,1.0,2.0,1.0,2.0,12
6.0,0.0,1.0,1.0,0.0,3.0,4.0,0.0,0.0,2.0,2.0,1,0.0,0.0,0.0,0.0,0.0,0.0,1.0,0.0,3.0,3.0,2.0,1.0,1.0,3.0,1.0,1.0,2.0,1.0,2.0,2.0,1.0,2.0,0.0,9
6.0,0.0,1.0,1.0,0.0,4.0,4.0,0.0,0.0,2.0,2.0,1,0.0,0.0,0.0,0.0,0.0,0.0,1.0,0.0,3.0,3.0,2.0,1.0,1.0,3.0,1.0,1.0,2.0,1.0,2.0,2.0,1.0,2.0,0.0,9
7.0,0.0,1.0,1.0,0.0,4.0,4.0,0.0,0.0,2.0,2.0,1,0.0,0.0,0.0,0.0,0.0,0.0,1.0,0.0,3.0,3.0,2.0,1.0,1.0,3.0,1.0,1.0,2.0,1.0,2.0,2.0,1.0,2.0,0.0,9
6.0,0.0,1.0,1.0,0.0,2.0,4.0,0.0,0.0,2.0,2.0,1,0.0,0.0,0.0,0.0,0.0,0.0,1.0,0.0,3.0,3.0,2.0,1.0,1.0,3.0,1.0,1.0,2.0,1.0,2.0,2.0,1.0,2.0,0.0,9
6.0,0.0,1.0,1.0,0.0,1.0,4.0,0.0,0.0,2.0,2.0,1,0.0,0.0,0.0,0.0,0.0,0.0,1.0,0.0,3.0,3.0,2.0,1.0,1.0,3.0,1.0,1.0,2.0,1.0,2.0,2.0,1.0,2.0,0.0,9
5.0,1.0,3.0,1.0,0.0,1.0,2.0,0.0,0.0,3.0,2.0,1,0.0,0.0,0.0,0.0,0.0,0.0,1.0,0.0,3.0,3.0,2.0,1.0,1.0,3.0,1.0,1.0,2.0,2.0,2.0,2.0,1.0,2.0,0.0,9
7.0,2.0,1.0,1.0,0.0,4.0,4.0,0.0,0.0,1.0,2.0,1,0.0,0.0,0.0,0.0,0.0,0.0,1.0,0.0,3.0,3.0,2.0,1.0,1.0,3.0,1.0,1.0,2.0,1.0,2.0,2.0,1.0,2.0,0.0,9
7.0,2.0,1.0,1.0,0.0,2.0,4.0,0.0,0.0,1.0,2.0,1,0.0,0.0,0.0,0.0,0.0,0.0,1.0,0.0,3.0,3.0,2.0,1.0,1.0,3.0,1.0,1.0,2.0,1.0,2.0,2.0,1.0,2.0,0.0,9
6.0,2.0,1.0,1.0,0.0,2.0,4.0,0.0,0.0,0.0,2.0,1,0.0,0.0,0.0,0.0,0.0,0.0,1.0,0.0,3.0,3.0,2.0,1.0,1.0,3.0,1.0,1.0,2.0,1.0,2.0,2.0,1.0,2.0,0.0,9
4.0,0.0,0.0,0.0,0.0,4.0,1.0,0.0,0.0,2.0,1.0,0,0.0,0.0,0.0,0.0,0.0,0.0,2.0,0.0,0.0,0.0,0.0,0.0,0.0,0.0,0.0,3.0,0.0,1.0,1.0,0.0,1.0,0.0,1.0,8
3.0,0.0,0.0,0.0,0.0,3.0,3.0,0.0,0.0,2.0,1.0,0,0.0,0.0,0.0,0.0,0.0,0.0,2.0,0.0,0.0,0.0,0.0,0.0,0.0,0.0,0.0,3.0,0.0,1.0,1.0,0.0,1.0,0.0,1.0,8
2.0,0.0,0.0,0.0,0.0,4.0,1.0,0.0,0.0,2.0,1.0,0,0.0,0.0,0.0,0.0,0.0,0.0,2.0,0.0,0.0,0.0,0.0,0.0,0.0,0.0,0.0,3.0,0.0,1.0,1.0,0.0,1.0,0.0,1.0,8
4.0,0.0,0.0,0.0,0.0,3.0,3.0,0.0,0.0,2.0,1.0,0,0.0,0.0,0.0,0.0,0.0,0.0,2.0,0.0,0.0,0.0,0.0,0.0,0.0,0.0,0.0,3.0,0.0,1.0,1.0,0.0,1.0,0.0,1.0,8
3.0,0.0,0.0,0.0,0.0,3.0,1.0,0.0,0.0,2.0,1.0,0,0.0,0.0,0.0,0.0,0.0,0.0,2.0,0.0,0.0,0.0,0.0,0.0,0.0,0.0,0.0,3.0,0.0,1.0,1.0,0.0,1.0,0.0,1.0,8
2.0,0.0,0.0,0.0,0.0,2.0,3.0,0.0,0.0,2.0,1.0,0,0.0,0.0,0.0,0.0,0.0,0.0,2.0,0.0,0.0,0.0,0.0,0.0,0.0,0.0,0.0,3.0,0.0,1.0,1.0,0.0,1.0,0.0,1.0,8
2.0,0.0,0.0,0.0,0.0,2.0,1.0,0.0,0.0,2.0,1.0,0,0.0,0.0,0.0,0.0,0.0,0.0,2.0,0.0,0.0,0.0,0.0,0.0,0.0,0.0,0.0,3.0,0.0,1.0,1.0,0.0,1.0,0.0,1.0,8
3.0,0.0,0.0,0.0,0.0,2.0,3.0,0.0,0.0,2.0,1.0,0,0.0,0.0,0.0,0.0,0.0,0.0,2.0,0.0,0.0,0.0,0.0,0.0,0.0,0.0,0.0,3.0,0.0,1.0,1.0,0.0,1.0,0.0,1.0,8
7.0,0.0,0.0,0.0,0.0,0.0,1.0,0.0,0.0,2.0,0.0,0,1.0,1.0,1.0,0.0,2.0,0.0,0.0,0.0,0.0,0.0,0.0,0.0,0.0,0.0,0.0,0.0,0.0,0.0,0.0,0.0,0.0,0.0,0.0,0
1.0,0.0,0.0,0.0,0.0,0.0,2.0,0.0,0.0,2.0,0.0,0,1.0,1.0,1.0,0.0,2.0,0.0,0.0,0.0,0.0,0.0,0.0,0.0,0.0,0.0,0.0,0.0,0.0,0.0,0.0,0.0,0.0,0.0,0.0,0
5.0,0.0,0.0,0.0,0.0,0.0,1.0,0.0,0.0,2.0,0.0,0,1.0,1.0,1.0,0.0,2.0,0.0,0.0,0.0,0.0,0.0,0.0,0.0,0.0,0.0,0.0,0.0,0.0,0.0,0.0,0.0,0.0,0.0,0.0,0
4.0,0.0,0.0,0.0,0.0,0.0,3.0,0.0,0.0,2.0,0.0,0,1.0,1.0,1.0,0.0,2.0,0.0,0.0,0.0,0.0,0.0,0.0,0.0,0.0,0.0,0.0,0.0,0.0,0.0,0.0,0.0,0.0,0.0,0.0,0
3.0,0.0,0.0,0.0,0.0,0.0,4.0,0.0,0.0,2.0,0.0,0,1.0,1.0,1.0,0.0,2.0,0.0,0.0,0.0,0.0,0.0,0.0,0.0,0.0,0.0,0.0,0.0,0.0,0.0,0.0,0.0,0.0,0.0,0.0,0
2.0,0.0,0.0,0.0,0.0,0.0,2.0,0.0,0.0,2.0,0.0,0,1.0,1.0,1.0,0.0,2.0,0.0,0.0,0.0,0.0,0.0,0.0,0.0,0.0,0.0,0.0,0.0,0.0,0.0,0.0,0.0,0.0,0.0,0.0,0
6.0,0.0,0.0,0.0,0.0,0.0,3.0,0.0,0.0,2.0,0.0,0,1.0,1.0,1.0,0.0,2.0,0.0,0.0,0.0,0.0,0.0,0.0,0.0,0.0,0.0,0.0,0.0,0.0,0.0,0.0,0.0,0.0,0.0,0.0,0
1.0,0.0,0.0,0.0,0.0,0.0,4.0,0.0,0.0,2.0,0.0,0,1.0,1.0,1.0,0.0,2.0,0.0,0.0,0.0,0.0,0.0,0.0,0.0,0.0,0.0,0.0,0.0,0.0,0.0,0.0,0.0,0.0,0.0,0.0,0
5.0,0.0,0.0,0.0,0.0,0.0,2.0,0.0,0.0,2.0,0.0,0,1.0,1.0,1.0,0.0,2.0,0.0,0.0,0.0,0.0,0.0,0.0,0.0,0.0,0.0,0.0,0.0,0.0,0.0,0.0,0.0,0.0,0.0,0.0,0
4.0,0.0,0.0,0.0,0.0,0.0,1.0,0.0,0.0,2.0,0.0,0,1.0,1.0,1.0,0.0,2.0,0.0,0.0,0.0,0.0,0.0,0.0,0.0,0.0,0.0,0.0,0.0,0.0,0.0,0.0,0.0,0.0,0.0,0.0,0
3.0,0.0,0.0,0.0,0.0,0.0,3.0,0.0,0.0,2.0,0.0,0,1.0,1.0,1.0,0.0,2.0,0.0,0.0,0.0,0.0,0.0,0.0,0.0,0.0,0.0,0.0,0.0,0.0,0.0,0.0,0.0,0.0,0.0,0.0,0
2.0,0.0,0.0,0.0,0.0,0.0,4.0,0.0,0.0,2.0,0.0,0,1.0,1.0,1.0,0.0,2.0,0.0,0.0,0.0,0.0,0.0,0.0,0.0,0.0,0.0,0.0,0.0,0.0,0.0,0.0,0.0,0.0,0.0,0.0,0
7.0,0.0,0.0,0.0,0.0,0.0,2.0,0.0,0.0,2.0,0.0,0,1.0,1.0,1.0,0.0,2.0,0.0,0.0,0.0,0.0,0.0,0.0,0.0,0.0,0.0,0.0,0.0,0.0,0.0,0.0,0.0,0.0,0.0,0.0,0
6.0,0.0,0.0,0.0,0.0,0.0,1.0,0.0,0.0,2.0,0.0,0,1.0,1.0,1.0,0.0,2.0,0.0,0.0,0.0,0.0,0.0,0.0,0.0,0.0,0.0,0.0,0.0,0.0,0.0,0.0,0.0,0.0,0.0,0.0,0
1.0,0.0,0.0,0.0,0.0,0.0,3.0,0.0,0.0,2.0,0.0,0,1.0,1.0,1.0,0.0,2.0,0.0,0.0,0.0,0.0,0.0,0.0,0.0,0.0,0.0,0.0,0.0,0.0,0.0,0.0,0.0,0.0,0.0,0.0,0
